subject,content
11월 11일에 생각나는 K과자…세계인 입맛 사로잡고 1조 브랜드 가치로 성장 [신수현의 남돈남산],"지금까지 2조원 넘게 팔린 과자, 1년에 2000억원 이상 팔리는 과자.대한민국 국민이라면 누구나 다 아는 과자 ‘빼빼로’이다.1983년 탄생한 빼빼로는 막대기 형태의 과자에 초콜릿을 입혀 고소하고 달달한 맛에 남녀노소에 사랑받는 ‘국민 과자’이다. 빼빼로는 독창적인 모습에 출시 초기부터 대중에 크게 주목받았다. 반짝 인기를 얻었다가 단종되는 과자가 많은 국내 식품 시장 환경에서 빼빼로는 40년 넘게 인기를 누려오고 있다.빼빼로 생산기업 롯데웰푸드(옛 롯데제과)는 빼빼로가 출시 이후 지난해까지 팔린 금액을 환산하면 2조1500억원에 달한다고 추정한다. 이 금액을 빼빼로 대표 제품인 ‘초코빼빼로(오리지널)’로 환산하면 약 37억 갑으로, 전 국민이 약 72갑씩 먹을 수 있는 양이다. 또 약 37억 갑을 일렬로 늘어놓을 경우 약 60만km로, 지구를 15바퀴 이상 돌 수 있다.롯데웰푸드는 올해 빼빼로의 매출을 2415억원으로 예측한다. 특히 수출액이 지난해 701억원 대비 약 30% 증가한 900억원 수준까지 성장할 것으로 전망했다.



 1983년 출시 당시 빼빼로. <롯데웰푸드>빼빼로는 어떻게 장수 인기 과자가 됐을까.빼빼로가 오랜 기간에 걸쳐 꾸준히 판매되는 ‘스테디셀러’가 될 수 있었던 가장 큰 비밀은 ‘빼빼로데이(11월 11일)’다. 매년 11월 11일이 되면 우리나라 수많은 국민들이 빼빼로를 선물로 주고받는다.롯데웰푸드에 따르면 빼빼로데이는 1990년대 중반 경남지역 여중생들 사이에서 빼빼로를 통해 우정을 주고받으면서 자연스럽게 발생했다. 이 모습에 착안해 롯데웰푸드는 빼빼로데이 마케팅을 하기 시작했고, 빼빼로데이는 이제 국내를 넘어 해외로 펴져 나가고 있다. 실제로 미국 1020세대의 젊은 사람들이 빼빼로데이 무렵에 빼빼로를 먹거나 소개하는 영상 등을 자발적으로 만든 후 자신의 사회관계망서비스(SNS)에 올리는 모습을 쉽게 볼 수 있다.



 인기 아이돌 ‘스트레이 키즈’와 협업·출시한 빼빼로. <롯데웰푸드>롯데웰푸드는 2020년부터 한국의 독특한 기념일 문화인 빼빼로데이를 세계 곳곳에 확산하기 위해 국내외 통합 마케팅을 진행해왔다. 올해는 공식 글로벌 앰배서더(브랜드 홍보대사)로 인기 아이돌 그룹 ‘스트레이 키즈(Stray Kids)’를 발탁해 효과를 톡톡히 보고 있다는 게 롯데웰푸드의 설명이다.국내에서는 서울지하철 2호선에서 ‘스트레이 키즈가 숨긴 빼빼로를 찾아줘!’ 이벤트 열차를 운영하는 등 MZ세대(1980~2000년대 초반 출생자)와의 소통에 집중했다. 또 빼빼로데이 무렵 빼빼로데이 한정 상품 등을 기획·출시해 호응을 얻고 있다.롯데웰푸드 관계자는 “스트레이 키즈 협업 상품은 예상보다 빠르게 소진돼 일부 판매처에서 품절 사태를 빚었다”며 “한국을 방문한 해외 관광객들에게 특히 인기가 많은 ‘롯데마트 제타플렉스 서울역점’에서는 진열 직후 일시 품절될 정도였다”고 전했다.빼빼로가 연간 2000억원 이상의 매출을 올릴 수 있는 또 다른 비결은 해외 시장 개척에 성공한 덕분이다. 빼빼로는 현재 필리핀, 캐나다, 말레이시아, 미국, 러시아, 몽골, 중국, 사우디아라비아, 홍콩, 대만, 오스트레일리아 등 해외 50개국에 수출된다.수출 규모 상위권 국가는 지난해 기준 1위 필리핀(137억원), 2위 캐나다(69억원), 3위 말레이시아(66억원)이다.



 미국 뉴욕 타임스스퀘어 ‘TSX 브로드웨이’ 빌딩에 최근에 송출된 빼빼로데이 마케팅 캠페인 영상. <롯데웰푸드>롯데웰푸드는 빼빼로를 세계적인 과자 브랜드로 키우기 위해 지난해부터 ‘빼빼로 글로벌 리포터’ 프로그램도 운영하고 있다. 빼빼로 글로벌 리포터는 유튜버 토퍼 길드 등 세계 유명 콘텐츠 제작자(크리에이터)들이 해외 곳곳에 빼빼로와 한국의 나눔 문화를 세계에 알리는 크리에이터이다.지난해 1기를 모집해 최종적으로 토퍼 길드 등 해외 유명 크리에이터 11명을 선정했다. 이들은 지난해 10월 한국을 방문해 빼빼로의 역사·정체성 등을 배우고, 빼빼로데이도 미리 체험한 후 이를 세계 여러 국가에 전파했다.롯데웰푸드는 한 발 더 나아가 빼빼로를 해외에서 명실상부한 ‘1위 한국 과자’로 만들기 위해 해외에 생산법인도 구축했다. 롯데웰푸드는 뻬빼로의 본격적인 해외 생산을 위해 올해 7월 인도 법인 ‘롯데인디아(Lotte India)’가 갖고 있는 하리아나 공장에 약 300억원을 투자해 빼빼로 생산 시설을 신설했다.빼빼로 제품군 다각화 전략을 펼친 것도 빼빼로의 성공 요인 중 하나이다. 롯데웰푸드는 지속적인 연구·개발(R&D), 시장 조사 등을 통해 빼빼로의 제품군을 오리지널, 아몬드, 초코필드, 크런키, 화이트쿠키, 초코쿠키, 스노위아몬드(수출전용) 등 확대했다.롯데웰푸드는 관계자는 “앞으로도 다양한 국가 소비자들이 빼빼로를 접할 기회를 확대하고 빼빼로를 최대한 빠른 시간 내 연 매출액 1조원대 브랜드로 키우겠다”고 밝혔다."
나락 떨어졌다 부활한 ‘중국커피’…스타벅스 본진 털 기세라는데 [오찬종의 매일뉴욕],"오찬종 기자의 매일뉴욕 스물 두번째 이야기



 중국 충칭(Chongqing) 대도시의 전통 양식 건물 안에 입점한 스타벅스 매장 앞을 한 남성이 지나가고 있다. 사진=게티최근 APEC에서 만난 미·중 두 정상은 평화 무드를 조성했지만 커피 산업에선 어느 때보다 두 나라간 치열한 전쟁이 펼쳐지고 있습니다.불과 3년 만에 커피 시장의 전선은 완전히 달라졌습니다. 한때 중국 시장을 장악했던 미국 커피 브랜드들은 최근 맥을 못 추고 있습니다. 오히려 본진인 미국 시장에서조차 중국 커피 브랜드에 점유율을 내줄 위기에 처했습니다. 글로벌 커피의 1번지, 뉴욕에서 벌어지는 미·중 커피 전쟁의 결과는 어떻게 될까요?결국 중국 지분 매각한 스타벅스



 스타벅스 중국 지분을 인수한 보유 캐피탈 본사. 사진=보유스타벅스는 최근 중국 사업 60% 지분을 중국계 사모펀드 보유캐피탈(Boyu Capital)에 40억 달러(약 5조 5천억 원)에 매각했습니다.이번 결정은 현지 파트너십을 강화하는 한편 경영 효율화에 나선 신호로 풀이됩니다. 새로 설립될 합작사에서 스타벅스는 40% 지분을 보유합니다.1999년 베이징에 첫 매장을 낸 이후 스타벅스는 8000개가 넘는 매장을 열며 중국 프리미엄 커피 시장의 상징으로 자리 잡았습니다. 그러나 최근 몇 년 간 루이싱커피(Luckin Coffee)가 폭발적으로 성장하고 외국 브랜드에 대한 거리감이 겹치며 점유율이 급락했습니다. 2019년 34%였던 스타벅스의 중국 시장 점유율은 2024년 14%로 떨어졌고, 그 사이 루이싱커피는 시장 1위 자리를 확고히 했습니다.스타벅스는 중국 내 무료 스터디룸 개방, 무설탕 음료 확대, 가격 인하, 커스터마이징 옵션 강화 등 다양한 변화를 시도하고 있습니다. 브라이언 니콜(Brian Niccol) CEO는 “중국 내 매장 수를 장기적으로 2만 개까지 확대할 수 있다”고 강조하며 반격의 의지를 내비쳤습니다.루이싱커피, 중국을 넘어 미국으로



 뉴욕 맨해튼의 그리니치 빌리지에 위치한 루이싱 커피 미국 1호점. 사진=루이싱 커피중국에서 스타벅스를 제치고 매장 수 1위를 기록한 루이싱커피는 이제 스타벅스의 본거지인 미국 공략까지 나섰습니다. 2025년 6월, 뉴욕 맨해튼의 그리니치 빌리지(Greenwich Village)와 노매드(NoMad) 지역에 각각 1호점과 2호점을 오픈했습니다. 현재 총 5개의 매장을 추가로 개점했습니다.1호점은 뉴욕 이스트 빌리지, Broadway와 East 8번가가 교차하는 지점으로 과거 ‘Sunglass Hut’ 매장이 있던 자리입니다. 현재 뉴욕대학교(NYU) 캠퍼스와 인접해 있어 젊은층 유동 인구가 밀집한 곳입니다. 2호점은 맨해튼 첼시 지역 내에 위치하며, 고급 브랜드들이 밀집한 거리 한복판에 있습니다. 이는 루이싱커피가 상권별 소비 특성을 검증하며 자사의 경쟁력을 점검하려는 전략으로 풀이됩니다.루이싱커피는 100% 무인 주문 시스템을 기반으로, 모든 주문과 결제가 앱 또는 QR코드로 이루어집니다. 표면적인 가격대는 스타벅스와 비슷하지만 최대 50% 할인 쿠폰을 지속적으로 제공하기 때문에 실제로는 가격이 더 저렴하죠.이는 단기 손실을 감수하더라도 시장 점유율과 브랜드 인지도 확보를 최우선으로 하는 전략입니다. 미국 투자은행 번스타인(Bernstein)은 이를 “단기적으로는 부담이지만, 장기적으로 브랜드 인식을 높이는 효과적인 접근”이라고 평가했습니다.루이싱은 미국에서 코코넛 라떼, 홋카이도 벨벳 라떼, 오렌지 아메리카노, 파인애플 콜드브루, 포도 탄산 아메리카노 등 이색적인 메뉴도 선보이고 있습니다. 스타벅스의 계절 한정 메뉴와는 차별화되는 새로운 감각의 메뉴로 젊은층 공략에 나서고 있습니다.나락에서 살아돌아온 저력은?



 나스닥 상장 직후 머디워터스의 폭로로 파산 보호 신청까지 나락을 갔던 루이싱. 사진=FT루이싱커피는 2017년 설립 후 단 2년 만에 4500개 매장을 열며 중국 커피 시장 1위로 등극했습니다. 그러나 2020년 공매도 전문 펀드 머디워터스(Muddy Waters)가 회계 조작을 폭로하면서 나스닥 상장 폐지, 주가 폭락, 파산 보호 신청 등 잇단 직격탄을 맞으며 나락으로 떨어졌습니다.하지만 코로나19 시기 반전이 시작되었습니다. 대형 매장 중심의 스타벅스는 ‘모일 수 없는 시대’의 직격탄을 맞았고, 루이싱커피는 오히려 소규모·비대면 중심 구조 덕분에 빠르게 회복했습니다.코로나19 기간 동안 루이싱커피의 중국 내 매장 수는 1만 개 이상 급증했고, 비용에 민감한 젊은 세대가 ‘가성비 커피’를 선호하면서 루이싱의 부활은 더욱 가속화되었습니다.2023년 루이싱의 중국 내 매출은 35억 달러를 돌파하며 스타벅스를 추월했습니다. 이후 2024년 말 기준 2만2300개 매장으로 중국 커피 시장을 지배하고 있습니다.디지털 기반 성장의 지속



 루이싱 커피 매장 증가 추이. 자료=루이싱루이싱커피의 2025년 2분기 실적은 매출 123억5874만위안(CNY), 순이익 12억5054만위안(CNY)으로 전년 대비 크게 증가했습니다. 이는 디지털 주문 비중 확대와 거래량 증가 덕분입니다. 루이싱은 완전 모바일 중심 주문 시스템을 통해 데이터 기반 소비 패턴 분석과 고객 맞춤 프로모션을 강화하고 있습니다.다만, 급격한 매장 확장이 생산성과 마진을 압박할 가능성도 있습니다. 매장 간 내부 경쟁(식인 효과)이 심화될 경우, 단위 매장 당 수익성이 떨어질 수 있다는 우려도 제기됩니다.Simply Wall St에 따르면 루이싱커피는 2028년까지 매출 736억위안, 순이익 69억위안 달성을 목표로 하고 있습니다. 이는 순이익의 경우 현재 대비 30억 위안 증가가 요구되는데다 매출은 연평균 21.5%가 성장해야하는 숫자입니다. 이를 토대로 추정한 적정 주가(fair value)는 46.89달러로, 현재가 대비 약 16% 상승 여력이 있는 것으로 분석됩니다.‘제3의 공간’ 전쟁 — 스타벅스의 위기감과 반격



 유니클로는 미드타운 5번가 플래그십 매장에 ‘유니클로 카페’를 도입했다. 자료-유니클로하지만 루이싱커피만이 스타벅스를 위협하는 것은 아닙니다. 뉴욕에서는 이제 유니클로, 랄프 로렌, 아리츠리아(Aritzia), 무지(MUJI) 등 리테일 브랜드들까지 카페 시장에 뛰어들며 ‘제3의 공간 경쟁’을 벌이고 있습니다.유니클로는 미드타운 5번가 플래그십 매장에 ‘유니클로 카페’를 도입했고, 무지는 첼시마켓 매장에 로봇 바리스타 카페를 선보였습니다. 소비자가 머무는 시간을 늘려 ‘리테일 경험’을 확장하는 전략입니다.이런 흐름 속에서 스타벅스의 상징인 ‘제3의 공간(Third Place)’ 개념은 이제 금융사 캐피탈원 카페까지 진출할 정도로 경쟁의 격전지가 되었습니다. 월가에서는 이를 “제3의 공간 전쟁(Third Place War)”이라고 부릅니다. 직장과 가정 외 사람들이 모일 수 있는 공간을 의미하죠.스타벅스는 위기감을 감추지 않고 있습니다. 최근 실적 발표에서 매출과 EPS(주당순이익) 모두 시장 기대에 미치지 못했습니다. EPS는 0.34달러로 전년 대비 50% 감소했고, 미국 내 동일점포 매출은 2% 하락했습니다.이에 신임 CEO 브라이언 니콜은 ‘백 투 스타벅스(Back to Starbucks)’를 선언하며 점포 효율성 제고와 브랜드 경험 재정비에 착수했습니다. 주문 처리 시간을 4분 이하로 단축하고, 메뉴 항목을 30% 축소했으며, 개인 컵 보너스 스타 제도를 개편해 고액 결제 고객 중심으로 리워드를 조정했습니다. 또한 콘센트와 좌석을 다시 확대해 ‘머무는 공간’으로서의 본질 회복을 시도하고 있습니다.전 세계 커피 소비 1위 국가인 미국, 연간 7억㎏의 커피가 소비되는 이 시장에서 스타벅스가 중국의 역공을 막아낼 수 있을까요."
돈 싸들고 어디 갔나 했더니…고수들의 연금 투자 비결,"사진=게티이미지뱅크지난달 국내 연금 투자자들이 미국 장기채 상장지수펀드(ETF)를 매도하고, 미국 대표지수 상품에 투자한 것으로 나타났다. 변동성을 줄이고 안정적인 수익률을 노린 전략으로 해석된다.8일 미래에셋증권에 따르면 지난 10월 한 달간 이 회사를 통해 연금 계좌(개인·퇴직연금)를 운용한 투자자들이 가장 많이 순매도한 ETF는 ‘TIGER 미국30년국채스트립액티브(합성 H)’였다. 퇴직연금 계좌 순매도 2·3위 역시 각각 ‘ACE 미국30년국채액티브(H)’와 ‘TIGER 미국30년국채커버드콜액티브(H)’가 차지했다.미국 금리의 변동성이 확대되며 초장기 국채 가격이 흔들린 데다 환헤지 비용 부담까지 겹치면서 미국 장기채 ETF의 투자 매력이 떨어졌다는 분석이다.최근 주가 변동이 컸던 2차전지·전기차 관련 ETF도 순매도 상위권에 올랐다. ‘TIGER 차이나전기차 SOLACTIVE’는 개인연금 순매도 2위, 퇴직연금 순매도 5위를 기록했다. ‘TIGER 2차전지 TOP10’도 퇴직연금에서 네 번째로 많은 자금이 유출된 상품이었다.반면 S&P500, 나스닥100 등 미국 대표지수를 추종하는 인덱스 ETF에는 자금이 유입됐다. 개인연금 순매수 1위는 ‘TIGER 미국 S&P500’, 3위는 ‘TIGER 미국 나스닥100’, 4위는 ‘KODEX 미국 나스닥100’이었다. 개별 테마나 종목보다 변동성이 낮고, 인공지능(AI) 산업이 지수를 견인하면서 중장기 기대수익을 확보할 수 있다는 점이 투자 심리를 자극한 것으로 풀이된다.미국 증시 상승을 이끄는 AI 관련 ETF도 순매수 상위에 이름을 올렸다. ‘TIMEFOLIO 글로벌 AI 인공지능 액티브’, ‘TIGER 미국 필라델피아 AI반도체 나스닥’ 등이 대표적이다. 안정적인 이자 수익을 제공하는 ‘TIGER 우량회사채 액티브’는 퇴직연금 계좌 순매수 1위를 차지했다.정효영 미래에셋증권 연금컨설팅본부장은 “연금 계좌에서는 단기 테마나 이슈 중심 종목보다는 장기적으로 성과를 낼 수 있는 우량 자산에 대한 분산 투자와 자산 배분 전략이 더 중요하다”고 말했다. 양지윤 기자"
K-뷰티 역대급 실적 속 양극화…기초화장은 '훨훨' 색조는 '주춤',"【 앵커멘트 】  백악관 대변인도 반한 K-뷰티에 힘입어 국내 보건산업도 연이어 최고 수출액을 경신하고 있습니다.   다만 기초 제품 쏠림 현상은 여전해 전략적 고민이 필요한 상황입니다.  신용수 기자가 취재했습니다.【 기자 】  스킨·로션부터 크림·마스크까지, 'K-뷰티'는 이제 한국 관광의 대명사로 자리매김했습니다.▶ 인터뷰 : 탈리 / 중국 관광객- ""가격이 정말 저렴하고, 종류가 매우 다양해요.""  K-뷰티의 인기는 경주 APEC으로 더 부각됐습니다.  미국 백악관 대변인이 구매 인증샷에 이어 ""한국 화장품을 바른 내 피부가 지금껏 이렇게 좋았던 적이 없었다""며 극찬하기도 했습니다.  이같은 K-뷰티의 인기는 수출 실적으로 이어지고 있습니다.    ▶ 스탠딩 : 신용수 / 기자- ""올 3분기 보건산업 수출액은 처음으로 200억 달러를 돌파했는데, 이중 화장품이 85억 달러로 가장 많은 비중을 차지했습니다.   특히 미국 수출액이 중국을 제치고 1위를 차지하면서, 관세 장벽에도 불구하고 괄목할 성적을 냈습니다.""  뛰어난 품질에 비해 합리적인 가격이 강점입니다.   여기에 다양한 브랜드의 자체 온라인 유통망도 한몫했습니다.   다만 피부관리 중심의 기초 화장품에 편중돼 있다는 건 아쉬운 지점입니다.  ▶ 인터뷰 : 케이티 / 홍콩 관광객- ""제 생각엔 기초 화장품이 (색조보다는) 좀 더 나은 것 같아요.""  실제로 전체 수출액 가운데 4분의3이 기초 화장품이었고 색조 화장품은 15% 수준에 머물고 있습니다.   피부개선이 목적인 기초 화장품과 달리 색조 화장품의 경우 피부톤과 문화권별 미적 기준에 따라 제품을 세분화해 개발하기가 쉽지 않기 때문입니다. ▶ 인터뷰(☎) : 김주덕 / 성신여대 뷰티산업학과 교수(국가·인종에 맞춰) 굉장히 다양하게 이렇게 만들어야 되는데, 판매가 안 됐을 때 굉장히 큰 문제도 있고 하기 때문에, 관리하기도 그렇게 쉽지 않거든요.   또 기초 화장품이 색조 화장품에 비해 유행을 적게 타고 고객 충성도가 높다는 점도 기초 화장품 쏠림 현상의 원인으로 지목됩니다.  MBN뉴스 신용수입니다.영상취재 : 강두민 기자  영상편집 : 김상진  그래픽 : 유승희"
영광바다서 만든 전기 단번에 서울로…'전기 먹는 하마' AI를 지켜라,"【 앵커멘트 】  인공지능 AI는 '전기 먹는 하마'로 불릴 만큼 전기를 어마어마하게 씁니다.  그래서 전국 각지의 땅과 바다에서 만든 전기를 안정적으로 끌고 오는 게 핵심인데, 이 에너지고속도로를 만드는 데 기술력이 집중되고 있습니다.  이승훈 기자가 취재했습니다.【 기자 】  내년 6월 해상풍력단지가 들어설 전남 영광 앞바다.  이곳에 모두 60여 기의 풍력발전기가 설치돼 모두 365MW의 전기를 생산하게 됩니다.  원전 1기에서 나오는 발전량의 3분의 1에 달합니다.  지금은 해저 전선을 설치하는 작업이 한창인데, 전기를 쓰는 수도권 등으로 멀리 보내려면 HVDC라는 특수 전선이 필수입니다.  국내 굴지의 기업들이 적극 개발에 나서는 이유입니다.▶ 인터뷰 : 주형균 / 대한전선 상무- ""서남 지역에 해상풍력단지에서 생산한 전력을 최종 수요지인 수도권 인근까지 가져온다.""  AI데이터센터가 전기를 소비하며 발생하는 고열을 해결하는 문제도 중요합니다.  이를 방치하면 정부 행정정보 시스템을 마비시켰던 지난 9월의 국가정보자원관리원 데이터센터 화재 같은 사태가 벌어질 수 있습니다.  이에 따라 초전도 기술을 활용해 전류 저항을 0으로 줄여 열을 획기적으로 낮추는 기술이 국내 기업에 의해 개발됐습니다.▶ 인터뷰 : 최홍석 / LS전선 차장- ""전압을 높여서 전력을 높이는 시스템인데, 저항이 있어서 전류를 높이게 되면 (열이 발생하는….)""▶ 스탠딩 : 이승훈 / 기자- ""기업들은 에너지고속도로, AI 데이터 센터에 들어가는 전력망 외에도 탄소포집 등 다양한 미래 에너지 기술을 선보였습니다.""  한국전력은 국내 전력·에너지 기업들이 한자리에 모이는 최대 박람회인 빅스포를 통해 차세대 기술 개발에 박차를 가한다는 계획입니다.  MBN뉴스 이승훈입니다.영상취재 : 김현우 기자  영상편집 : 오광환  그래픽 : 이새봄"
시세 차익 30억 '로또 청약' 시작…대출 막혀 서민엔 '그림의 집',"【 앵커멘트 】  무주택자라면 묻지도 따지지도 않고 넣어야 할 청약이 서울 강남에서 시작됐습니다.  그런데 넣을 수가 없습니다.  최대 30억 차익이 예상되지만, 초강력 규제로 대출이 막혀 적어도 20억 원은 있어야 소형 평형이라도 잔금을 치를 수 있기 때문입니다.  장동건 기자입니다.【 기자 】  서울 도심에 모처럼 문을 연 아파트 모델하우스가 방문객으로 북적입니다.  예약제로 손님을 받는데, 주말은 아예 빈자리가 없습니다.  이 아파트가 들어서는 위치가 다름 아닌 반포동이기 때문입니다.  일반분양이 5백 가구가 넘는데다, 상한제 지역이라 분양가가 주변 시세보다 크게 낮아 관심이 뜨겁습니다.▶ 스탠딩 : 장동건 / 기자- ""이 아파트의 전용 84㎡ 분양가는 약 27억 원에 책정됐습니다. 주변의 다른 아파트 시세와 비교하면 최대 30억 원가량의 시세 차익이 예상됩니다.""  하지만, 자금력이 약한 서민에겐 그림의 떡입니다.  10·15 대책으로 대출이 더 줄면서 소형인 전용면적 59㎡도 내년 입주 때 대출이 2억 원밖에 안 나올 것으로 예상되기 때문입니다.   국민 평형인 전용 84㎡를 분양받으려면 적어도 25억 원은 있어야 합니다.▶ 인터뷰 : 모델하우스 방문객- ""아이가 있으니까 84㎡를 보고 있는데 분양가 자체도 사실 높고 대출이 막혀서 자금의 융통성이 좀 어렵기는 한데….""  온라인에서도 ""대출 규제 때문에 속이 터진다"", ""로또 청약이지만 이번엔 선뜻 신청하기 고민된다""는 반응이 터져 나옵니다.▶ 인터뷰(☎) : 윤지해 / 부동산R114 리서치 랩장- ""서민 실수요자 입장에서는 아무래도 중요한 핵심지에서는 내 집 마련이 더 어려워졌다….""  분양 침체 속에도 간간이 강남 등에서 로또 분양이 나오고 있지만, 현금부자들만의 잔치로 변해가고 있습니다.  MBN뉴스 장동건입니다.  영상취재 : 김재헌 기자  영상편집 : 김상진  그 래 픽 : 유승희"
"""이제 놀랍지도 않다"" 로제 '아파트'·케데헌 '골든' 미 그래미 올해의 노래 후보","【 앵커멘트 】  전세계 흥행 돌풍을 일으킨 영화 '케이팝 데몬 헌터스'의 수록곡 '골든'과 블랙핑크 로제의 '아파트'가 미국 최고 권위 음악상인 그래미 어워즈 본상 후보에 동시에 이름을 올렸습니다.  K팝 장르가 후보에 오른 건 방탄소년단 이후 이번이 처음입니다.  보도에 최돈희 기자입니다.【 기자 】  ""up, up, up, without voice. 영원히 깨질 수 없는, gonna be gonna be golden.""  올 한해 K-열풍을 이끈 영화 '케이팝 데몬 헌터스'.  영화 수록곡인 '골든'이 제 68회 그래미 어워즈 후보에 올랐습니다.  그래미 어워즈를 주관하는 미국 레코딩 아카데미는 현지시간 7일, '골든'을 제 68회 그래미 어워즈에서 본상에 해당하는 '제너럴 필즈' 후보로 발표했습니다.▶ 인터뷰 : 이재 / 작곡가·가수- ""영광스럽고 자랑스럽습니다. K-Pop과 영화 작업을 위해 밤샘 작업한 게 가장 먼저 떠올랐습니다.""  ""아파트 아파트, 아파트 아파트.""  블랙핑크 로제의 '아파트'도 본상 후보에 이름을 올렸습니다.  올해의 노래 부문 등 모두 3개 부분 후보에 올랐습니다.    그래미 시상식에서 K팝이 후보에 오른 건 그룹 방탄소년단 이후 처음입니다.  특히 그래미 본상 후보로 K팝 여성 아티스트가 오른 것도 처음입니다.  그래미 어워즈는 미국 음악 전문가 단체 레코딩 아카데미가 1959년부터 매년 개최하는 시상식으로 미국 음악상 가운데 최고 영예의 상으로 손꼽힙니다.  아메리칸 뮤직 어워즈나 빌보드 뮤직 어워즈와 달리 음악성에 초점을 맞춰 후보와 수상자를 선정해 후보에 오르는 것만으로도 평가를 받습니다.  그래미 시상식은 내년 2월 1일 미국 로스앤젤레스에서 열립니다.  MBN뉴스 최돈희입니다.영상편집 : 김혜영  그래픽 : 김수빈"
"""이번엔 진짜다"" 기대감 폭발…엔터주 들썩이는 이유 [김소연의 엔터비즈]","그룹 방탄소년단 진 /사진=빅히트뮤직 제공주식 시장이 요동치는 가운데 엔터주의 행보에도 이목이 쏠리고 있다. K콘텐츠가 전 세계적으로 주목받고 있고, 중국의 한한령(限韓令) 해제 기대감이 고조되는 상황에서 직접적인 수혜주로 꼽히는 엔터주에도 관심이 집중되고 있다.지난 5일과 6일 코스닥 시장이 극심한 변동성을 보였지만, 최근 국내 주식 시장은 '역대급 불장'으로 불릴 정도였다. 한국거래소에 따르면 지난 5일 넥스트레이드까지 포함한 국내 주식시장의 거래대금은 총 52조9427억원이었다. 지난달 31일 기준 주식거래활동계좌 수는 9533만3114개로 지난해 연말 8656만8337개와 비교하면 올해 들어서만 876만4777개가 늘었다. 코스피는 지난달 27일 사상 처음으로 4000선을 돌파한 이후 '5000 시대' 기대감까지 흘러나오고 있다.하지만 엔터주는 이러한 흐름에서 빗겨갔다는 평가를 받았다. 수년째 한한령 해제와 중국 시장 개방에 대한 기대감이 흘러나왔지만, 이렇다 할 변화가 감지되지 않았기 때문이다. 더욱이 중국 하이난에서 지난달 말 열릴 예정이었던 4만명 규모의 K팝 공연 '드림콘서트' 일정이 사실상 무기한 연기되고, 지난달 13일 열릴 예정이었던 그룹 케플러의 중국 공연까지 돌연 취소되면서 불안감은 고조됐다.그렇지만 다시 엔터주가 주목받고 있다. 특히 지난 1일 한·중 정상회담 만찬 자리에서 시진핑 중국 국가주석이 K팝 가수들의 중국 공연 언급에 호응했다는 소식이 전해지며 ""이번엔 진짜다""는 기대감이 다시 한번 고개를 들었다. 박진영, 시 주석에게 베이징 공연 제안



진영(왼쪽) 대중문화교류위원회 위원장이 지난 1일 2025 아시아태평양경제협력체(APEC) 정상회의 국빈 만찬에서 이재명 대통령, 시진핑 중국 국가주석과 대화하고 있다. /사진=박 위원장 인스타그램한한령이 시작된 건 2016년이다. 중국은 주한미군의 사드(THAAD·고고도 미사일 방어체계) 배치에 반발하면서 한국 음악·드라마·영화 등을 제한하는 한한령을 시행했다. 중국은 공식적으로 한한령 시행을 언급하지 않았지만, 당시 중국 플랫폼에서 동시 방영되던 KBS 2TV '화랑' 등의 드라마가 갑자기 공개가 중단되고, 유명 가수들의 콘서트 등 투어 일정이 대폭 축소됐다. 하루아침에 교류가 끊기면서 중국 내에서 정식 방영된 한국 드라마는 KBS 2TV '태양의 후예'가 마지막이었다.중국은 K콘텐츠가 지금처럼 글로벌한 인기를 얻기 전까지 가장 큰 시장으로 평가받았다. 이 때문에 정권이 바뀔 때마다 한한령 해제는 엔터 업계의 화두였다. 이 상황에서 아시아태평양경제협력체(APEC)가 열린 경주에서 진행된 한·중 정상회담에 박진영 JYP 대표 프로듀서 겸 창의성 총괄책임자(CCO)가 대통령 직속 대중문화교류위원회 위원장 자격으로 동행했다는 점은 상징적인 의미로 해석됐다.위성락 국가안보실장은 한·중 정상회담 직후 브리핑에서 ""한한령에 대한 좋은 논의가 있었고, 실무적 협의를 통해 소통하면서 문제를 풀어보자는 공감대가 있었다""고 밝혔다. 김영배 더불어민주당 의원 역시 자신의 사회관계망서비스(SNS) 계정에 한·중 정상회담 분위기를 전하며 ""시 주석이 '북경(베이징)에서 대규모 공연을 하자'는 제안에 호응해 왕이 외교부장을 불러 지시했다. 한한령 해제를 넘어 본격적인 'K문화' 진출의 문이 열리는 순간""이라고 전했다.대중문화교류위원회는 ""시 주석과 박 위원장의 대화는 공식 외교행사에서 서로 인사를 나누며 건넨 원론적 수준의 덕담이었다""면서 ""과도하게 해석하는 것은 성급한 판단""이라고 선을 그었다. 그러면서도 ""이번 한·중 정상회담을 통해 양국 간 우호협력의 분위기가 한층 높아진 만큼 향후 보다 활발한 문화교류가 이루어질 수 있을 것으로 기대된다""며 여지를 남겼다.한·중 정상회담 이후 국내 증시에는 한한령 해제 기대감이 즉각 반영됐다. 지난 3일 박진영 위원장이 대표 프로듀서로 있는 JYP엔터테인먼트는 전일보다 5.07% 오른 8만5000원에 거래를 마쳤다. 주가는 한때 8만8500원까지 오르기도 했다. 하이브·SM·YG 등 주요 엔터테인먼트 관련주도 동반 상승세를 보였다. 탄탄한 성장세, 주가 반영될까



그룹 블랙핑크 /사진=한경DB엔터 업종 실적이 꾸준하게 성장세를 이어간다는 점에서 주가도 반등할 수 있다는 게 증권가의 관측이다. 금융정보업체 에프앤가이드에 따르면 엔터 4사의 올해 합산 영업이익은 6175억원으로 전년보다 62.07% 증가할 것으로 추정된다. 특히 내년부터는 그룹 방탄소년단(BTS) 활동도 본격화되고, 블랙핑크 역시 내년 컴백이 가시화돼 실적 성장에 탄력을 더할 것으로 예상된다. 여기에 빅뱅 데뷔 20주년을 맞아 약 10년 만에 완전체로 복귀할 가능성도 제기된다.이기훈 하나증권 연구원은 ""내년 완전체가 재개되는 BTS는 JYP와 YG의 합산 매출액과 비슷한 수준의 매출이 예상되는데, 이미 스트레이 키즈의 월드 투어에서 실적 서프라이즈가 확인됐으며 블랙핑크의 투어마저 서프라이즈로 이어진다면 BTS 향 실적 모멘텀 기대도 매우 높아질 것""이라며 ""또한 빅뱅의 데뷔 20주년(겸 YG 30주년)을 맞아 약 10년 만의 완전체 활동 재개 가능성에 대한 기대감도 높다. BTS와 빅뱅이 동시에 활동을 재개한다면 K-팝 산업 전체가 역대급 실적을 달성하는 것은 자연스러운 흐름""이라고 분석했다.이화정 NH투자증권 연구원은 ""구조적 실적 성장세와 중·장기 성장 동력 등을 볼 때 반등은 시간 문제로 보인다. 또 고연차 아티스트 활동에 따라 '규모의 경제' 효과도 극대화할 전망""이라며 ""펀더멘털이 더 탄탄해지면서 투자 심리가 회복될 것""이라고 내다봤다."
"쿠팡, 분기 최대 매출에도 주가 하락…“신사업 투자 부담 속 단기 조정”","[주목!e해외주식] 美 쿠팡3분기 매출 92억 6700만달러 ‘역대 최대’영업이익 기대치 하회·신사업 적자 확대 부담“본업 수익성 안정적, 대만은 ‘제2 성장축’ 기대”[이데일리 박순엽 기자] 쿠팡이 또 한 번 사상 최대 분기 매출액을 기록했지만, 실적 발표 이후 주가는 오히려 하락했다. 수익성 개선이 더딘 데다 신사업 부문 적자가 확대된 점이 부담으로 작용한 영향이다. 다만, 증권가에선 본업 수익성과 글로벌 확장력을 근거로 이번 하락을 단기 조정으로 보는 시각이 우세하다. 



쿠팡 본사 전경. (사진=쿠팡)8일 엠피닥터에 따르면 쿠팡은 지난달 7일(현지시간) 미국 뉴욕 증권 거래소에서 전 거래일보다 0.12달러(0.41%) 내린 28.88달러에 거래를 마쳤다. 실적 발표 이후 3거래일 연속 내림세를 이어가며 최근 유지하던 30달러선이 무너졌다. 앞서 쿠팡은 올 3분기 매출액이 전년 동기 대비 18% 증가한 92억 6700만달러, 영업이익이 49% 늘어난 1억 6200만달러를 기록했다고 발표했다. 환율 효과를 제외하면 매출액은 20% 이상 늘며 역대 최대치를 경신했다. 그러나 영업이익이 시장 기대치(2억 1000만달러)에 못 미친 점이 주가 하락의 직접적 원인으로 지목된다. 영업이익은 1분기(1억 5400만달러)와 유사한 수준이며, 2분기(1억 4900만달러) 대비로도 소폭 개선에 그쳤다. 또 다른 변수는 신사업 적자 확대다. Developing Offerings(신사업) 부문 매출은 전년 동기 대비 32% 증가했지만, 대만 물류 인프라 구축과 콘텐츠 투자 확대의 영향으로 조정 EBITDA 손실이 2억 9200만달러로 전년 대비 130% 늘었다. 남성현 IBK투자증권 연구원은 “대만 사업 진출이 본격화하며 초기 비용이 반영된 것”이라며 “쿠팡은 대만 시장을 과거 국내 시장 확장기와 비슷한 시장 초입으로 보고 적극적인 투자를 이어가고 있다”고 설명했다. 이 같은 주가 조정에도 증권가의 중장기 전망은 여전히 밝다. 본업인 Product Commerce(상품거래) 부문의 이익 체력이 꾸준히 강화되고 있어서다. 상품거래 부문 조정 EBITDA는 전년 대비 50% 증가한 7억 500만달러로 안정적인 수익 구조를 보였다.주영훈 NH투자증권 연구원은 “본업의 수익성 개선이 안정적으로 이뤄지고 있는 만큼 과도한 우려는 불필요하다”며 “소비심리 회복세를 고려할 때 4분기 매출 성장률은 한층 커질 가능성이 있다”고 전망했다. 대만 사업 역시 쿠팡의 ‘제2 성장축’으로 부상할 것이란 기대도 크다. 남 연구원은 “대만 시장은 국내 성장 스토리와 유사한 패턴을 보이고 있다”며 “과거엔 외부 자금 유치로 확장을 추진했지만, 지금은 내부 현금흐름으로 투자를 감당할 수 있는 점에서 재무적으로 긍정적인 국면”이라고 진단했다."
"""순식간에 7300억원어치 쓸어갔다""…2030에 인기폭발","TDF에 몰리는 2030세대주식비중 높아 수익률 '쑥'



사진=게티이미지뱅크2030 투자자들이 대표적 연금상품인 타깃데이트펀드(TDF)의 주 수요층으로 떠오르고 있다. TDF 중에서도 예상 은퇴시점이 늦어 주식 비중이 높은 ‘고(高) 빈티지’ 상품에 자금이 몰리는 현상이 뚜렷하다. 연금 선진국인 미국에서도 오랜기간 은퇴자금을 굴려야하는 젊은 세대일 수록 TDF에 투자하는 비중이 높다는 게 연금 전문가들의 설명이다.◆TDF에 몰리는 20308일 펀드평가사 KG제로인에 따르면 지난달 국내 TDF 가운데 가장 많은 자금이 몰린 빈티지는 ‘2050’으로 집계됐다. 243개 펀드에 7284억원이 몰렸다. 다음으로 자금이 많이 몰린 빈티지는 2045로 6180억원이 순유입됐다.TDF는 투자자 은퇴 시점을 고려해 생애 주기별로 자산을 배분하는 상품이다. 은퇴가 한참 남은 청년기에는 위험자산 비중을 늘리고, 은퇴 시기가 가까워질수록 안전자산 비중을 높이는 식이다.펀드명에 붙은 2025 2030 등 숫자(빈티지)가 은퇴 예상 연도를 뜻한다. 지난달 가장 많은 자금이 몰린 2050 ETF는 2050년 은퇴를 가정하고 자산을 배분한다. 정년을 60세라고 가정하면 현재 30대 중반이 투자하기에 적절한 상품이다. 빈티지가 높은 상품일수록 주식 비중이 높다.은퇴가 한참 남은 젊은 세대가 TDF에 관심을 갖는 건 한국만의 현상은 아니다. ‘연금 선진국’인 미국에서도 2030 세대의 TDF 투자 선호가 높다. 미국 자산운용협회(ICI)에 따르면 퇴직연금 제도인 401k에서 TDF 투자 비중이 가장 높은 세대는 20대로 나타났다. 미국 20대 연금자산의 75.4%가 TDF에 투자됐다. 은퇴가 가까워지는 5060으로 갈수록 TDF 비중은 점점 줄어드는 것으로 나타났다. ◆주식비중 높아 수익률 ‘쑥’2030 투자자가 TDF에 관심을 갖는 건 연금 상품인데도 불구하고 비교적 주식비중이 높아 적극적인 운용이 가능하기 때문이다. 빈티지가 높은 TDF는 통상 주식 비중을 최대치인 80%에 가깝게 유지한다. 퇴직연금에 100% 담을 수 있는 적격 TDF로 인정받으려면 주식 비중이 80%를 넘어선 안되기 때문이다. 채권혼합형(주식비중 최대 50%) 등 다른 자산배분형 상품보다 주식 비중이 높은 편이다.2030이 주로 택하는 높은 빈티지 상품의 수익률이 좋은 것도 자금이 몰리는 이유다. 빈티지가 높은 상품일수록 주식비중이 높아 성과도 좋다. 올들어 빈티지가 2055인 TDF는 평균 15.71% 수익을 냈다. 같은 기간 2045 수익률은 14.31%, 2035는 13.03%, 2025는 8.94%를 기록했다. 개인이 신경쓰지 않아도 운용사가 자동으로 자산비중을 조절해준다는 점도 자금이 몰리는 이유다. 김혜나 키움투자자산운용 연금마케팅팀장은 “투자 지식이 부족하고 운용에 할애할 시간이 부족한 젊은층에서 TDF에 대한 관심이 높아지고 있다”며 “잦은 매매로 인한 수익률 저하나 시장 변동성으로 인한 어려움을 경험한 투자자들도 간접상품인 TDF로 눈을 돌리는 추세”라고 전했다.자산운용사들도 TDF 상품 가운데 높은 빈티지 상품을 발빠르게 내놓고 있다. 키움투자자산운용은 지난 8월 ‘키움키워드림TDF2065’를 내놨다. 2065년을 은퇴시점으로 삼은 TDF로는 유일한 상품이다. 최근 3개월 수익률은 7.02%를 기록했다."
비트코인 무려 1000배 ‘잭팟’…13년 후 135억원에 판 스페인 연구소,"2012년 블록체인 연구용 97개 매입1만달러 투입해 1000배 이상 수익13년 묵힌 비트코인 135억원 가치횡재 수익금 ‘양자 기술’에 재투자



 비트코인. <자료 = 연합뉴스>스페인의 한 연구소가 13년 전 연구용으로 매입했던 비트코인을 매각해 1000배가 넘는 ‘잭팟’을 터뜨리게 됐다.매입 당시 1300만원(1만달러)에 불과했던 자산 가치가 135억원(1000만달러) 이상으로 불어났다.6일(현지시간) 비인크립토에 따르면 스페인령 테네리페 섬에 위치한 기술 및 신재생에너지 연구소(ITER)는 보유 중인 비트코인 97개에 대한 매각 절차를 최종 마무리하고 있다.해당 비트코인은 투자 목적이 아닌 순수한 연구용 자산이었다. ITER은 2012년 블록체인 기술 연구 프로젝트의 일환으로 단돈 1만 달러에 이 비트코인들을 매입했다.당시만 해도 비트코인은 기술 애호가들 사이에서나 알려진 생소한 디지털 자산이었으나, 13년이 흐른 지금 자산 가치가 극적으로 상승하며 연구소는 예상치 못한 횡재를 맞게 됐다.매각 절차는 스페인 금융 당국의 엄격한 감독하에 진행된다. 후안 호세 마르티네스 테네리페 혁신 담당 위원관은 “청산 과정이 마무리 단계”라며 “스페인 중앙은행과 국가증권시장위원회(CNMV)의 허가를 받은 금융기관을 통해 매각이 진행될 것”이라고 밝혔다.



 스페인 ITER 연구소가 2012년 1만달러에 구매한 비트코인을 1000만달러(약 135억원) 이상에 매각해 양자 프로젝트에 재투자할 계획이라는 소식을 전한 엑스(X) 게시물. [출처 = 엑스(X)]그는 “모든 절차는 스페인 금융 규정을 준수하며 완전한 투명성 하에 이뤄질 것”이라고 강조했다.연구소는 이번 매각으로 얻은 수익금을 전액 과학 혁신 분야에 재투자할 방침이다. 마르티네스 위원관은 “수익금은 ITER의 향후 연구 프로그램, 특히 양자 기술 개발을 지원하는 데 사용될 것”이라고 전했다.이번 매각은 스페인 정부가 가상자산 부문에 대한 규제 감시를 대폭 강화하는 가운데 이뤄져 더욱 주목받고 있다.스페인은 최근 유럽연합(EU)의 가상자산 시장 규제(MiCA) 프레임워크에 발맞춰 엄격한 세금 보고 및 공시 의무를 도입했다.올해 초에는 당국이 유로폴과 공조해 5억4000만달러 규모의 암호화폐 사기 네트워크를 적발하기도 했다."
"“제2의 젠틀몬스터 될까” 슬릭스틸, 이집트 ‘바라카그룹’과 교역 성사 [fn마켓워치]","韓제조 기술로 '글로벌 아이웨어' 정조준 눈길국내 아이웨어 시장 최대 호황기에 증권가, IPO까지 주목 



지난 9월 이집트 카이로에 위치한 바라카그룹 본사에서 아흐메드 라가브 회장(오른쪽)과 슬릭스틸의 황보종은 대표가 기념촬영중이다. 바라카그룹 제공. [파이낸셜뉴스] 올해 주식시장 호황과 함께 증권가에서 눈여겨 보는 산업은 ‘K-아이웨어’ 시장이다.  8일 투자은행(IB)업계에 따르면 젠틀몬스터를 비롯해 블루엘리펀드 등의 국내 토종 아이웨어 브랜드가 고공성장 하면서 아이웨어 관련 산업이 연일 들썩이고 있다.  프리미엄 패션아이웨어 브랜드 ‘젠틀몬스터’를 보유하는 아이아이컴바인드의 상장 재추진 여부와 아이웨어 전문 브랜드 운영사인 ‘태석광학’의 상장 성공여부가 그 신호탄이 될 것이라는 전망이 나온다. 더불어 아이웨어 시장의 경우 렌즈시장과는 달리 국내에서는 상장사를 찾기 어려운 것이 특징이다. 아이웨어는 패션 잡화에 속하는 만큼 증권가에선 최근 한류 열기로 연결되는 ‘K패션산업’의 연장선으로 바라보고 있다는 것이 국내 IB관계자의 분석이다.  이같은 상황에 지난 9월 10일부터 30일끼지 중소벤처기업부와 한∙아프리카재단 주도 하에 진행된 ‘2025 글로벌 액셀러레이팅’의 에이징테크 부문 이집트 현지 프로그램에서 국내 아이웨어 브랜드 ‘슬릭스틸’이 이집트의 리테일 전문 기업 바라카그룹(Baraka Group)과 손 잡아 눈길을 끈다.  바라카그룹은 1979년 이집트에서 옵틱스 도매 기반 사업으로 성장해 패션 리테일, 전자상거래 등의 사업을 영위하고 있으며, 중동 ‘두바이’에 거점을 두고 아이웨어 최대 마켓인 ‘중동’과 ‘아프리카’시장의 초대형 리테일 그룹으로 알려져 있다.  이번 협약은 바카라그룹의 최대주주인 라가브 패밀리(Ragab Family)의 아흐메드 라가브(Ahmed Ragab) 회장이 직접 제품의 성장 가능성에 깊이 공감하면서 성사된 것으로 알려졌다.  그는 “슬릭스틸이 선보이는 제품은 단순한 패션의 영역을 넘어, 탁월한 디자인과 소비자 편의를 고려한 기능성, 합리적인 가격 경쟁력, 그리고 자체 생산 인프라까지 모두 갖춘 브랜드로 성장할 것이며 Baraka Group의 매장 입점 뿐 아니라 OEM/ODM, 중동·아프리카 시장으로의 교역 확대 등도 적극적으로 지원할 계획”이라고 밝혔다.  이번 협약을 통해 양사는 상호 신뢰를 바탕으로 글로벌 시장을 향한 도약의 발판을 마련했으며 향후 전략적 파트너십을 통해 더욱 폭넓은 협력과 성장을 이어갈 전망이다.  슬릭스틸 황보종은 대표는 “이제는 한국 브랜드가 한류열기 이어 ‘Made in Korea’로 당당하게 해외시장에서 높은 품질과 해외 소비자를 만족시키고 객관적인 평가를 받을 수 있는 시기로 금번 협약을 통해 장기적으로는 약 1500만 달러(183억원)의 매출로 이어질 것으로 예상된다""라며 ""이는 ‘그랜드뷰어리서치’라는 미국의 시장조사기관의 중동아프리카 안경 시장보고서 상 65.6억 달러의 약 2% 수준”이라고 전했다.  슬릭스틸은 100% 포스코(POSCO)사의 ‘304H 스테인리스스틸’로 제조되는 국내 아이웨어 브랜드로 대구의 36년 전통 안경 올인원 제조공장 황보정밀과 제품 공동 R&D와 생산을 함께 하면서 뛰어난 품질을 기반으로 브랜드 경쟁력을 높이고 있으며, 국내 약 220여개의 안경원에 유통되고 있다. 회사는 올해 중기부와 한∙아프리카 사업 외에도 ‘서울시 디자인재단’ 지원사업, ‘대구안광학진흥원’의 ‘글로벌안경브랜드육성사업’에도 참여하면서 높은 성과를 이어가고 있다.  ‘슬릭스틸’ 제품을 양산하는 ‘황보정밀’은 ‘레이벤(Ray-Ban)’, ‘모도(MODO)’, ‘로덴스톡(Rodenstock)’ 등 글로벌 프리미엄 아이웨어 브랜드는 물론, 국내 대표 브랜드인 ‘젠틀몬스터(Gentle Monster)’의 제품도 다수 생산해온 글로벌 아이웨어 제조 전문 기업이다. 이같은 오랜 제조 노하우와 축적된 기술력을 바탕으로, 슬릭스틸은 차별화된 디자인과 우수한 내구성을 갖춘 제품을 지속적으로 선보이고 있으며, 오는 2026년 하반기 아이웨어 브랜드 제조 서비스인 ‘GEMS (Global Eyewear Manufacturing Service)’를 론칭 할 예정이다.  한편 GEMS는 프리미엄 아이웨어 제조를 원하는 국내외 소비자 및 브랜드를 대상으로, 합리적인 가격과 낮은 최소주문수량(MOQ)으로 ODM/OEM 생산을 지원하는 서비스로 최근 중국으로 이전되고 있는 아이웨어 생산 수요를 국내로 되돌려오겠다는 전략이다. 해당 서비스는 일본의 대형 아이웨어 팩토리 브랜드에서 생산라인에 높은 관심을 갖고 접촉하고 있으며, 업계에서는 ""제조 단가는 중국과 큰 차이가 없으면서도 품질은 훨씬 우수하다""는 평가를 받는다."
"ESS 매출 44% 뛴 테슬라, 중국 대신 K배터리 택했다 [김기혁의 테슬라월드]","일론 머스크 테슬라 CEO. 로이터연합뉴스[서울경제] 테슬라가 K배터리의 새로운 먹거리인 에너지저장장치(ESS) 분야에서 큰손으로 떠오르고 있습니다. K배터리의 북미 생산능력과 미국의 대(對) 중국 관세 정책에 힘입어 일론 머스크 최고경영자(CEO)가 한국 배터리를 탑재한 ESS 생산을 확대하는 데 힘쓰고 있는 모습입니다. 테슬라와 K배터리의 협력이 전기차에서 ESS로 넓어지고 있어 관심이 쏠리고 있습니다.━삼성SDI(006400) 공급 논의최근 주식 시장에선 테슬라와 삼성SDI의 ESS 분야 협력이 주목받았는데요. 삼성SDI와 테슬라가 ESS용 배터리 계약을 논의하고 있다는 소식이 알려지면서입니다. 계약 규모는 조원 단위에 달할 것으로 예상되고 있습니다. 삼성SDI는 미국 인디애나주에 세운 스텔란티스 전기차 합작 공장 내 일부 라인을 전환해 ESS 배터리를 생산하는 방안을 추진 중인 것으로 알려졌습니다.삼성SDI가 테슬라와의 수주 계약을 확정할 경우 배터리 공급은 이번이 처음은 아닙니다. 무려 9년 전인 2016년 머스크 CEO가 자신의 엑스 계정(옛 트위터)을 통해 삼성SDI가 테슬라의 ESS용 배터리를 공급하고 있다고 밝힌 바 있습니다. 이후 CATL을 위시한 중국이 원가 경쟁력을 앞세워 ESS용 배터리 시장을 점차 확대하면서 K배터리 입지가 크게 위축됐지만 올해 들어 미국이 중국산 배터리에 60% 수준의 고율 관세를 부과하고 인공지능(AI) 데이터센터 산업 수요가 커지면서 K배터리에도 기회가 열리게 된 셈이죠.━LG엔솔은 6조 잭팟



LG에너지솔루션 미국 미시간 법인 전경. 사진제공=LG에너지솔루션LG에너지솔루션(373220)은 이미 지난 7월 테슬라로 추정되는 글로벌 기업과 2027년부터 3년간 5조9442억 원 규모의 ESS용 리튬인산철(LFP) 배터리를 공급한다고 공시한 바 있습니다. 지난해 매출 25조6000억 원 대비 23.2%에 해당하는 초대형 규모 수주입니다. LG에너지솔루션은 올 3월 테슬라, 애플 등을 주요 고객사로 두고 있는 글로벌 에너지 관리 업체 '델타 일렉트로닉스'와 4GWh 규모의 주택용 ESS 배터리 계약을 체결하는 등 ESS 수주에 속도를 내왔습니다.━테슬라 ESS 3분기 매출 44% 급증이처럼 테슬라가 K배터리의 ESS 배터리를 주문한 데엔 자사의 에너지 사업이 순항하고 있다는 점도 크게 작용했습니다. 3분기 실적 발표를 보면 에너지 사업이 전기차 사업보다 성장세가 가파르다는 점을 확인할 수 있는데요. 에너지 생산·저장 부문 매출은 전년 동기 대비 44% 늘어난 34억2000만달러(약 5조 원)로 테슬라 사업 부문 중 가장 높은 성장세를 기록했습니다. 본업인 전기차 매출은 같은 기간 6% 증가하는 데 그쳤습니다.



테슬라의 산업용 ESS 메가팩. 테슬라 홈페이지 캡처머스크가 구상하는 미래 AI 사회에서 중요한 솔루션은 ESS입니다. 일찍이 ESS 시장에 진출했던 머스크 전략이 들어맞는 시점이 본격적으로 도래하고 있으며 ESS에 들어가는 LFP 배터리의 중요성이 갈수록 커지고 있다는 분석입니다.━AI 데이터센터용 ESS 프로젝트 줄이어북미 시장에선 AI 데이터센터용 ESS 프로젝트가 잇따라 추진되고 있습니다. AI 데이터센터는 기존 데이터센터보다 최대 10배의 전력을 소모하는데 ESS가 정전을 방지하는 비상 전력 시스템 역할을 맡습니다. 시장조사기관 SNE리서치에 따르면 글로벌 ESS 시장은 2023년 185기가와트시(GWh)에서 2035년 1232GWh로 성장할 것으로 예상됩니다.이 때문에 테슬라는 LFP 배터리 자체 생산도 추진 중입니다. 테슬라는 올해 6월 말 엑스(X)에 미국 네바다주 스파크스에 건립 중인 LFP 배터리 공장을 찍은 동영상을 게시했습니다. 이 영상에는 대규모 공장을 외부에서 찍은 전체 전경과 내부 시설, 자동화 설비와 공정, 건설 인력들이 여러 작업을 하는 모습이 담겼습니다. 테슬라 측은 “북미 최초 LFP 셀 제조 공장의 완공이 임박했다(Nearing completion of our first LFP cell manufacturing factory in North America)”라고 밝혔습니다. 머스크의 AI 스타트업 xAI가 개발한 챗봇 그록 계정으로 이 게시물 아래에는 “테슬라의 북미 첫 LFP 배터리 셀 제조 공장은 기가팩토리 네바다에 자리잡고 있다”며 “이 공장은 수입 배터리에 대한 의존도를 줄이는 것을 목표로 하며 테슬라의 지속가능성 목표 달성에 기여할 것”이라는 댓글이 달리기도 했습니다."
또 전산사고 터진 키움증권…신용등급 상향 어려워지나,"키움증권 신사옥(사진=키움증권 제공) *재판매 및 DB 금지[서울=뉴시스]우연수 기자 = 연이은 전산사고로 키움증권의 신용등급 상향에 적신호가 켜졌다. 시장에서는 연말 신용평가사의 수시평가를 통해 등급이 오를 가능성이 거론됐지만 잦은 시스템 장애로 관리 역량에 의구심이 커지면서 고객 신뢰 이탈 우려까지 겹쳤다.8일 신용평가 3사(나이스신용평가·한국신용평가·한국기업평가)에 따르면 키움증권의 선순위 무보증 회사채 신용등급은 2020~2021년 이후 현재까지 AA- 수준을 유지하고 있다.자기자본 기준 10개 대형 증권사 중 AA- 등급에 머물러 있는 곳은 키움증권과 메리츠증권, 대신증권 정도다. 여기엔 영업이익 연간 1000억원 수준의 중소형 증권사들도 다수 포함돼 있어 자기자본 5조~7조원 규모의 키움·메리츠증권은 꾸준히 신용등급 상향 가능성이 제기됐다.나이스신용평가 기준 KB·삼성증권이 AA+ 등급에, 미래에셋·한국투자·하나·신한투자증권이 AA 등급에 속한다.키움증권 내부에서는 올해 연말 등급 상향 기대감이 적지 않았던 것으로 전해진다. 키움증권의 자기자본이 2021년과 비교하면 약 2조5000억원에서 5조4386억원(2분기 기준)으로 두배 이상 불어났으며 반기 기준 별도 당기순이익이 한국투자증권 다음으로 높은 5672억원을 기록하고 있기 때문이다.증권사 경쟁력 도약의 기회가 될 것으로 예상되는 발행어음 인가 심사가 순조롭게 진행되고 있는 점도 호재다. 신용평가사들은 매년 6월까지 회사 정기평가, 매년 12월까지 기업어음(CP) 정기평가를 진행하는데, 3분기 실적이 나오는 이달 중순부터 연말까지의 정기평가 기간에 회사채 수시평가도 이뤄진다.하지만 최근 잇단 전산장애가 변수로 떠올랐다.지난 7일 새벽 키움증권의 모바일트레이딩시스템(MTS)에서 접속 오류가 발생해 투자자들의 미국 주식 거래가 막혔다. 하필 뉴욕증시(현지시간 6일)가 고용시장 냉각과 인공지능(AI) 거품 우려 등으로 S&P500 지수가 1.12%, 나스닥 지수가 1.90% 급락한 날이었던 만큼 제때 물량을 매도하지 못한 투자자들의 불만이 속출했다.키움증권은 지난 3~4월에도 세번에 걸쳐 시스템 오류로 투자자 불편을 야기했으며 금융당국의 수시검사도 이뤄져 제재가 불가피한 상황이다.신평사들은 잦은 전산오류가 키움증권의 평판에 영향을 줄 가능성과 고객 이탈 여부 등을 판단해 신용등급을 검토할 것으로 보인다.이혁준 나이스신용평가 본부장은 ""전산사고가 너무 빈번한 건 시스템 관리능력에 문제가 있음을 드러낸 것이기 때문에 신용도 상향에 걸림돌이 될 수 있다""고 말했다．"
"日미쓰비시, 美에 22조 규모 데이터센터 14동 건설","일본 부동산 업체 미쓰비시지소가 2030년까지 미국에 데이터센터 14동을 건설한다고 니혼게이자이신문(닛케이)이 8일 보도했다.예상 총사업비는 2조3000억엔(약 22조원)으로, 미쓰비시지소가 1800억엔(약 1조7000억원)을 출자할 방침이다. 나머지 자금은 기관 투자자와 다른 기업으로부터 조달할 예정이다.



연합뉴스데이터센터 개발과 운영은 미쓰비시지소 산하 미국 부동산 운용회사인 TA 리얼티가 맡는다.미쓰비시지소는 이미 미국 동부 버지니아주에 데이터센터 1동을 준공한 바 있다. 향후 버지니아주, 조지아주, 일리노이주 등지에 데이터센터를 추가로 지을 계획이다.데이터센터 14동의 전력 용량 합계는 약 2800㎿(메가와트)로 도쿄에서 가동 중인 시설의 2.5배에 필적하는 것으로 전해졌다.미쓰비시지소는 아마존닷컴이나 구글 등 미국 클라우드 사업자를 유치한다는 구상을 하고 있다. 이미 2∼3동은 미국 IT 관련 업체의 입주가 결정된 것으로 알려졌다.닛케이는 ""일본 내 부동산 개발은 자재 비용, 인건비 등이 늘어나 공사 지연과 차익 축소 등으로 사업 환경이 악화하고 있다""며 ""데이터센터는 생성형 인공지능(AI)의 급속한 보급으로 건설이 이어지고 있다""고 설명했다."
"""삼전 레버리지 찾아 홍콩까지?""…수익 극대화하는 ELW [투자의 재발견]","투자의 재발견ELW, 제도권 금융상품 중 가장 큰 레버리지구조 따라 수익 수십배 차이…주식형ELW '비과세'만기 지나면 권리 손실…투자금 전액 손실 유의



국내 대표 반도체주가 연달아 신고가를 경신하면서, 삼성전자와 SK하이닉스 2종목에 대한 레버리지 투자를 위해 홍콩 시장으로 향하는 개인 투자자들이 늘고 있습니다. 높은 리스크를 감수하고서라도 고수익을 노리고 싶은 서학개미들이 홍콩 증시에 상장된 삼성전자, SK하이닉스 2배 레버리지 ETF를 찾고 있는 것입니다. 지난 한 달간 홍콩 CSOP자산운용의 SK하이닉스와 삼성전자 데일리 2배 레버리지 상품으로 순유입된 금액은 각각 1,581만 달러, 625만 달러, 우리 돈으로 총 320억 원이 넘습니다. 이처럼 최근 반도체 불장에 국내 증시가 들썩이자 공격적으로 수익률을 추종하려는 레버리지 투자에 자금이 쏠리는데요. 국내에서도 오랜 역사를 가진 제도권 내 레버리지 상품이 있습니다. 그중 하나가 바로 주가워런트증권(Equity Linked Warrant·ELW)입니다. 적은 규모의 금액으로 레버리지를 극대화하고, 주가 하락 시에는 풋 ELW로 수익률 방어 전략을 세울 수도 있습니다. 다만 수익성만큼이나 리스크도 높은 상품인 만큼, ELW 상품의 특성과 장점, 유의점 등 투자 전략을 면밀히 세울 필요가 있습니다. 7일 <투자의 재발견>에서는 윤준상 한국투자증권 투자공학2부 차장, 서준호 한국투자증권 투자공학2부 박사와 함께 ELW 투자 전략을 살펴봤습니다. ● ELW, 소액 투자 가능…높은 레버리지 효과ELW는 쉽게 말해 주식을 정해진 가격에 사거나 팔 수 있는 권리, 계약을 말합니다. 즉, 소액으로 주식의 방향성에 투자할 수 있는 상품인데요. ELW의 가장 큰 장점 두 가지는 소액으로 투자가 가능하고, 레버리지 효과를 가장 극대화할 수 있는 금융상품이라는 점입니다. 예를 들어 삼성전자 주식을 직접 사기 위해서는 10만 원이 필요하지만, 삼성전자 ELW의 경우 몇천 원만으로도 같은 방향성에 투자할 수 있습니다. 윤준상 차장은 ""ELW는 대형주와 지수 등 기초자산이 1%만 움직여도 구조에 따라 5배에서 수십 배의 레버리지 효과가 있다""며 ""물론 위험도 크지만, 방향이 맞으면 단기간에도 의미 있는 수익을 기대할 수 있다는 것이 장점""이라고 말했습니다. 



실제로 삼성전자가 기초자산인 '한국LN89삼성전자콜(Call)' ELW는 현재 200원(11.6일 기준)으로 두 달도 안 돼 45원(9.17일 기준)에서 340% 뛰었습니다. 삼성전자 주가가 11만 원을 넘었던 11월 3일 기준으로는 600% 상승률을 기록하기도 했습니다. 같은 기간 삼성전자 개별 주가는 7만8,200원에서 9만9,200원으로 약 27% 올랐습니다. ELW로 투자했다면 레버리지는 약 13배에 달하는 셈입니다.반대로 기초자산의 주가가 떨어졌다면, 권리를 행사하지 않고 처음에 냈던 금액, 내가 투자한 금액만 손실로 확정됩니다. 다만 만기가 있다는 점을 감안해야 합니다. 윤 차장은 ""주식이나 ETF는 만기가 없지만, ELW는 정해진 만기 안에 가격이 움직여야 가치가 생기기 때문에, 단기 방향성 투자에 적합한 상품이라 할 수 있다""고 설명했습니다. 기초자산 가격이 예상과 다르게 움직인다면 만기 시 원금 전액 손실이 날 수 있다는 점도 유의해야 합니다.



● 주식형 ELW '비과세'…지수형 ELW만 11% 세금 기초자산 선택의 폭도 넓습니다. 현재 시장에는 KOSPI200, KOSDAQ150 같은 지수형 ELW와 삼성전자, SK하이닉스 등 67개 개별주식형 ELW가 상장되어 있어서 투자자가 자신이 잘 아는 종목과 방향성을 선택해 거래할 수 있습니다. 투자자가 거래할 수 있는 ELW의 만기는 1달 이내에서 1년까지 다양하게 있는데, 만기마다 가격대와 레버리지 효과의 정도가 다른 만큼 상품의 조건을 잘 살펴볼 필요가 있습니다. 서준호 박사는 ""지수형 ELW의 경우 많은 투자자들이 1달~2달 정도의 짧은 만기를 선호하고, 주식형 ELW는 보통 2~6달 정도의 만기를 선호하는데, 주식형 ELW 같은 경우 전환비율 때문에 대체로 지수형 ELW보다 가격이 낮아서 조금 더 시간가치가 존재하는 원월물을 선호한다""고 설명했습니다. 또 ELW는 ""만기가 존재해 버티는 게 불가능한 상품인 만큼, 원하는 수익이 나거나 예상외의 손실이 나면 만기 이전에 매도하는 것도 전략""이라고 덧붙였습니다. 



세금의 경우에도 ELW는 주식과 달리 매매 시 별도의 거래세(0.15%)가 없습니다. 삼성전자, SK하이닉스 같은 개별 주식을 기초자산으로 하는 ELW는 현재 비과세 대상으로, 1천만 원의 수익을 본 경우 거래세와 양도세가 모두 없습니다. 다만 KOSPI200이나 KOSDAQ150 같이 지수형 ELW의 경우 양도소득세 대상이고 지방소득세 포함 약 11%의 세금이 부과됩니다. 예를 들어 지수형 ELW로 1천만 원의 수익을 냈다면 기본공제금(250만 원)을 뺀 금액에서 11%, 약 82만 원 정도의 세금을 내게 됩니다. 윤준상 차장은 ""단순히 레버리지 효과를 누리기 위해서 포트폴리오의 전부로 들고 가는 것은 매우 위험한 전략""이라며, ""자신이 보유하고 있는 주식의 보험용으로, 혹은 내가 잘 아는 기초자산의 레버리지 효과를 위해 매매하시기를 추천한다""고 강조했습니다.



※ 한국경제TV는 급변하는 투자 환경 속 신뢰할 수 있는 정보와 인사이트가 가득한 고품격 투자 콘텐츠, <투자의 재발견>을 매주 금요일 오후 5시 방송합니다. 전체 내용은 한국경제TV <투자의 재발견> 영상에서 확인할 수 있습니다."
"""삼성, 美서 신용카드 출시 추진…英바클레이스와 제휴""","월스트리트저널(WSJ) 보도高이자 저축계좌 등도 출시 전망삼성전자가 미국에서 소비자용 신용카드를 출시하기 위한 영국 은행 바클레이스와 협상을 진행 중이라고 월스트리트저널(WSJ)이 소식통을 인용해 7일(현지시간) 보도했다.소식통은 해당 카드가 비자카드의 신용카드 결제망을 이용하는 방안이 검토되고 있으며, 연말까지 제휴를 발표할 계획이지만 협상이 예상보다 늦어져 아직 확정된 계약은 없다고 전했다.



삼성전자는 이외에도 고수익 예금 계좌와 디지털 선불 계좌, 새로운 후불 결제 상품 등의 출시도 검토 중이며, 이들 중 일부 상품도 바클레이스와 협력하는 방안을 논의한 것으로 알려졌다.이 같은 양사의 협력은 미국 내에서 삼성 월렛 등의 영향력을 높이려는 삼성전자와 미국 금융 시장에서 점유율을 높이고자 하는 바클레이스의 이해관계가 맞아떨어진 행보로 해석된다. WSJ는 ""삼성의 디지털 지갑은 국내 시장에서는 인기가 높지만, 미국에서는 소비자 금융 상품이 애플에 뒤처져 있다""며 ""이번 협력을 통해 바클레이스는 더 많은 대출을 모색하고 삼성은 애플의 금융상품을 모방해 더 깊은 브랜드 충성심을 제고하려 할 것""이라고 평가했다.WSJ이 입수한 문건에 따르면 삼성은 소비자가 새로 출시되는 신용카드를 사용할 때 캐시백이 삼성 캐시로 예치된 이후 다시 삼성의 고금리 저축 계좌로 이체되는 방안을 구상하고 있다. 또 삼성 신용카드 혜택이 삼성전자의 휴대전화, TV, 가전제품 등 자사 제품 판매량과 소비자 충성도를 높이는 데 기여할 것으로 보고 있다.삼성전자와 바클레이스의 신용카드 발급은 앞서 애플이 시도했던 방식과 유사한 것으로 보인다. 앞서 애플은 2019년 투자은행 골드만삭스, 마스터카드와 제휴해 상업자표시신용카드(PLCC)인 '애플카드'를 발행한 바 있다. 애플 카드는 애플페이로 결제하면 무제한 2%, 제휴처 결제 시 무제한 3%를 환급하는 것은 물론 애플 제품 구매 시 무이자 할부 혜택으로 이목을 끌었다.다만 이들 상품은 소비자 금융 시장에서 큰 적자를 보고 있으며, 이에 애플은 제휴 금융사를 JP모건체이스로 교체하는 협상을 벌이고 있는 것으로 알려졌다. 삼성전자는 2018년에도 신용카드 출시를 위해 금융사들과 협의를 진행했으나 금융사들이 회의적인 반응을 보인 바 있다고 WSJ은 덧붙였다."
"“크리스마스엔 역시 이곳”…현대백화점, 3분기 호실적에 연말 특수까지 ‘겹호재’ [종목Pick]","3Q 영업익 12%↑명품·패션·외국인 소비가 살려‘크리스마스 강자’ 면모 재확인…팝업 등록 동접자 4만5000명



더현대 서울 2025년 크리스마스 공방 랜더링 이미지 [현대백화점 제공][헤럴드경제=경예은 기자] 현대백화점이 3분기 호실적을 발표하며 투자심리가 개선됐다. 백화점 본업 호조와 면세 흑자 전환이 맞물리며 수익성이 개선된 가운데 크리스마스 시즌을 앞둔 연말 소비 특수 기대감이 더해지며 주가가 강세를 보였다.8일 금융투자업계에 따르면 지난 7일 정규장에서 현대백화점 주가는 전장 대비 3100원(3.51%) 오른 9만1400원에 거래를 마쳤다.이 같은 상승세는 올해 3분기 실적 호조에 따른 것으로 풀이된다. 현대백화점은 올해 3분기(7~9월) 연결 기준 매출액 1조103억원, 영업이익 726억원을 기록했다. 직전 분기(2분기) 대비 매출은 6.5% 감소했지만, 전년 동기와 비교하면 영업이익이 12.3% 증가하며 수익성이 개선됐다. 당기순이익은 476억원으로, 지난해 같은 기간(284억원)보다 67.4% 늘었다.시장에서는 백화점 본업의 견조한 성장세와 면세점·지누스 자회사 실적 개선이 맞물리며 현대백화점의 수익성이 한층 강화될 것으로 보고 있다. 특히 연말 성수기와 외국인 관광객 증가세가 겹치면서 4분기에도 호조세가 이어질 것으로 전망된다.박종렬 흥국증권 연구원은 이날 “내년 인플레이션 안정화에 따른 실질임금 상승, 자산시장 회복, 소비심리 개선 등으로 영업환경이 한층 긍정적일 것”이라며 “백화점 부문이 전체 실적을 견인하고 면세점과 지누스의 실적 개선으로 수익 구조가 더욱 견고해질 것”이라고 예상했다. 자사주 매입과 중간배당 등 적극적인 주주환원 정책 역시 플러스 요인으로 꼽혔다.조상훈 신한투자증권 연구원 역시 “백화점 부문이 본업을 이끌며 업종 내 최선호주 지위를 유지하고 있다”며 “패션 등 전 상품군이 호조를 보였고 명품 매출이 외형 성장을 견인했다”고 분석했다. 특히 동대문면세점 영업 종료 이후 공항점 중심으로 운영 효율화에 성공하며 면세점 부문이 흑자 전환한 점을 긍정적으로 평가했다.주영훈 NH투자증권 연구원은 외국인 매출 비중 확대를 주요 동력으로 삼았다. 주 연구원은 “방한 외국인이 빠르게 증가하고 있으며, 여의도 더현대서울과 무역센터점을 중심으로 외국인 매출 비중이 지속 확대 중”이라며 “올해 외국인 매출액은 전년 대비 20% 이상 증가할 것으로 추정된다”고 밝혔다. 이어 “내국인 소비 회복과 외국인 매출 증가가 동시에 나타나며 연말로 갈수록 백화점 실적이 더욱 개선될 것”이라고 내다봤다.크리스마스 시즌을 맞아 오프라인 유통 특수도 본격화하고 있다. 업계에 따르면 지난달 23일 진행된 ‘더현대 2025 크리스마스’ 현장 관람 1차 사전 예약에는 동시 접속자 4만5000여명이 몰리며 단 30분 만에 마감됐다."
"AI거품론에 코스피 찬바람…외면받던 배당주, 개미 아랫목 됐다","전통 배당주 주가추이/그래픽=최헌정



임종철 디자이너 /사진=임종철 디자이너미국발 AI(인공지능) 버블 우려가 국내 주도주에 영향을 미치는 등 국내 주식시장이 롤러코스터를 타고 있는 가운데, 금융 등 전통적인 배당주가 조정장에서도 버텨내고 있어 주목된다. 8일 한국거래소(KRX)에 따르면 전날 KB금융 주가는 전거래일 대비1.28% 빠진 12만3700원에 거래를 마쳤다. 장중 12만8800원까지 오르기도 했지만 시장의 전체적인 조정 분위기를 버티지 못했다. 그럼에도 최근 증시 불확실성이 확대되고 있는 상황에서 단단한 하방을 유지하고 있다. 지난 5일 일각에서 '검은 수요일'로 부를 만큼 코스피 낙폭이 컸던 날에도 KB금융은 0.25%만 빠지며 선방했다. 이달 들어 수익률만 약 6%다. 신한지주는 약 5%, 하나금융지주는 약 8% 주가가 올랐다. KB금융의 경우 지난달 한 달 간 코스피가 불장이던 기간에 주가가 11만6000원대에서 11만원대 초반까지 오히려 하락하기도 했었다. 이와 비교하면 연말을 맞이해 은행주들이 배당주로서의 모멘텀을 맞이했다는 것이 증권업계의 공통된 의견이다. 4대 금융지주가 최근 실적발표를 통해 올해 3분기까지 16조원에 육박하는 당기순이익을 거둔 것으로 나타나면서 자사주 매입이나 소각, 배당 확대 등 주주환원 정책 강화 기대감이 커지고 있다.나민욱 DB증권 연구원은 ""전반적으로 은행업권의 주주환원규모는 이전과 달리 빠른 속도로 확대되고 있다""며 ""업종 대표주인 KB금융은 2027년 목표치인 주주환원율 50%를 올해 내 조기 달성할 것으로 예상된다""고 말했다. 은행들뿐만 아니라 같은 금융 업종이면서 배당주로 거론되는 보험주들도 삼성화재가 이달 들어 약 11%, DB손해보험이 약 10%, 한화손해보험이 약 6% 오르는 등 연말 배당 가능성이 확대되면서 주가가 힘을 받는 모습이다.  국회가 조만간 배당소득 분리과세 논의에 들어가는 것도 전통적인 배당주들에는 호재가 될 것으로 보인다. 이에 따라 LG, 현대지에프홀딩스, 롯데지주, 코오롱, HD현대, GS 등 지주사 등도 긍정적인 영향이 예상된다. 이날 코스피 하락과 연계돼 지주사 주가에 동반 파란불이 켜지긴 했지만 전날엔 주가가 급상승했었다. 정책 수혜 가능성과 함께 연말 배당주로서의 면모가 나타나고 있다는 평가다. 또한 롯데웰푸드, 한국앤컴퍼니, 롯데칠성, 제일기획, 이마트, BGF리테일 등도 고배당주로서의 특징이 연말 주가에 긍정적인 영향을 줄 것으로 전망된다. 증권업계 한 관계자는 ""최근 2차 강세장에서도 소외됐던 배당주들이 연내 배당소득 분리과세 최고세율 조정으로 수혜를 본다면 관련주 관심이 지속될 수 있다""며 ""오를 종목은 올랐다는 점에서 저평가됐던 종목을 주목할 필요가 있다""고 말했다."
"""엔화 스테이블코인 나온다""… 주가 하락 속 암호화폐 일제 랠리","(상보)



미쓰비시UFJ파이낸셜그룹 등 일본 주요 은행이 엔화 스테이블코인을 발행한다는 소식에 암호화폐(가상화폐)가 상승중이다. 사진은 지난 7월18일 서울 강남구 서초구 빗썸라운지 강남본점에서 비트코인 모형이 놓인 바닥에 코인 시세 그래프가 비치는 모습. /사진=뉴스1 미 증시가 AI(인공지능) 고평가 우려로 일제히 하락하고 있는 가운데 암호화폐(가상화폐)는 상승하고 있다. 이는 일본 주요 은행들이 공동으로 엔화 스테이블코인(가격 변화가 없는 코인)을 발행한다는 소식 때문으로 보인다.8일 오전 9시10분 글로벌 코인 시황 중계사이트 코인마켓캡에서 비트코인은 24시간 전보다 1.66% 상승한 10만3135달러(약 1억5036만원)를 기록하고 있다.시총 2위 이더리움은 3.21% 상승한 499만달러(약 72만7400원)에 거래되고 있다.시총 4위 리플은 4.85% 급등한 2.32(약 3380원)달러를, 시총 5위 바이낸스 코인은 4.54% 상승한 993달러(약 144만7600원)를, 시총 6위 솔라나는 4% 상승한 162달러(23만 6100원)를 각각 기록하고 있다.지난 7일 일본 금융청은 미쓰비시UFJ파이낸셜그룹, 미쓰이스미토모파이낸셜그룹, 미즈호파이낸셜그룹 등 3대 은행이 공동으로 추진하는 스테이블코인 발행 사업을 공식 지원한다고 밝혔다.이는 암호화폐 시장 안정에 크게 기여할 전망으로 이같은 호재로 미국 증시 하락에도 암호화폐는 일제히 랠리하고 있는 것으로 보인다."
"AI 버블 우려 속 셧다운 진전…뉴욕증시, 혼조 마감","미국 뉴욕 증시의 3대 지수가 7일(현지시간) 혼조세로 마감했다. '인공지능(AI) 거품론'에 대한 우려와 함께 소비자 심리지수가 크게 위축되며 일부 기술주들을 중심으로 투매가 확산했으나, 미 연방정부의 셧다운 해소 조짐이 확인되며 낙폭을 줄였다.이날 뉴욕 주식시장에서 블루칩 중심의 다우지수는 전장보다 74.80포인트(0.16%) 오른 4만6987.10, 대형주 중심의 S&P500지수는 8.48포인트(0.13%) 상승한 6728.80에 거래를 마쳤다. 반면 기술주 중심의 나스닥지수는 49.46포인트(0.21%) 내린 2만3004.54에 장을 마감했다.



UPI연합뉴스이날도 뉴욕 증시는 급변동성 장세를 연출했다. AI 버블이 여전히 시장의 불안 요소로 작용한 가운데역대 최저 수준인 소비심리도 장 초반 투매를 촉발했다. 다만 오후 들어 민주당이 임시 예산안의 타협안을 제시하면서 낙폭을 상당 부분 만회했다. 미 연방 정부의 셧다운(일시 업무 정지)이 해제될 것이라는 기대감이 매수 심리를 자극한 것이다.장 초반엔 AI 및 반도체 관련 주 위주로 투매가 이어졌다. 오픈AI가 인프라 설비투자에 정부 보증을 바라고 있다는 논란이 불거지면서 불안감이 확산했다. 다만, 메타플랫폼이 대규모 자본지출을 발표하자 장 후반 반발 매수세 유입되며 상승 전환했다. 종목별로는 인텔(+2.39%)이 일론 머스크 테슬라 최고경영자(CEO)와의 칩 협력 개발 소식으로 상승했다. 반면 테슬라(-3.68%)는 머스크 CEO의 보상안이 통과로 불확실성이 해소되자 차익 실현 매물이 출회됐다. 오클로(+5.53%)는 헝가리와 미국 정부의 MOU 체결 소식에 상승 전환했다. 엔비디아(+0.04%)는 블랙웰 칩 중국 수출 계획이 없다고 언급한 가운데 미 정부가 대 중국용 저사양 칩 판매를 허용하지 않을 것이라는 소식이 전해지자 장중 한 때 5% 가까이 빠지기도 했다.미시간대에 따르면 11월 소비자심리지수 예비치는 50.3으로 집계됐다. 10월의 53.6에서 3.3포인트 하락한 수치로 2022년 6월 50.0 이후 최저치였다. 50.0은 역대 최저치로 11월 수치는 역사적 저점 부근에 있다는 것을 시사한다. 오후 들어 민주당이 임시 예산안 타협안을 공화당에 제안했다는 소식이 나오면서 주가지수는 빠르게 낙폭을 줄였다. 임시 예산안의 핵심 쟁점이던 오바마케어(ACA) 보조금을 1년만 연장하고 위원회를 설치해 장기적인 개혁은 추후 논의하자는 게 민주당의 제안이었다. 공화당이 해당 제안을 거절하면서 순간 투심이 움츠러들기도 했으나 증시의 상향 곡선을 바꾸진 못했다. 기술주가 하방 압력을 받는 동안 우량주와 산업주가 증시를 지탱했다. 코카콜라는 2% 넘게 올랐고 셰브런 등도 1% 이상 상승했다.리아 베넷 컨커런트 자산운용 최고투자전략가는 ""가치주로의 순환매 장세는 M7 투매에 대한 나의 우려를 덜어내 준다""며 ""지금까지 우리가 겪었던 AI 랠리가 다시 시작될 것""으로 내다봤다.시카고상품거래소(CME) 페드워치에 따르면 연방기금금리 선물시장에서 12월에 기준금리가 동결될 확률은 33.4%로 반영됐다. 전날 마감 무렵의 30.4%보다 올랐다. 시카고옵션거래소(CBOE) 변동성 지수(VIX)는 전장 대비 0.42포인트(2.15%) 내린 19.08을 가리켰다."
AI시대 폭발하는 전력 수요…수혜주는[ETF언박싱],"미래운용, ‘TIGER 미국AI전력SMR’ 상장오클로·뉴스케일파워 비중 40% 수준데이터센터 전력 수요 급증세…관련 ETF↑[이데일리 원다연 기자] 인공지능(AI) 데이터센터로 인한 전력 수요가 급격하게 늘어나면서 전력 기업에 대한 주목도가 높아지고 있다. 국내 상장지수펀드(ETF) 시장에도 AI 관련 전력 기업에 투자하는 상품이 늘어나고 있다. 8일 한국거래소에 따르면 미래에셋자산운용은 지난 ‘TIGER 미국AI전력SMR’ ETF를 신규 상장했다. 해당 ETF는 ‘아크로스 U.S. AI 전력 SMR 지수’를 기초 지수로, 미국 시장에 상장된 전력 인프라 기업 10개 종목을 선별해 투자한다. 특히 소형모듈원자로(SMR) 기업에 대한 투자 비중이 높다. AI 데이터센터 전력 수요가 2030년까지 미국 전체 전력소비의 9~12% 수준까지 늘어날 것으로 전망되고 있는 가운데, SMR은 새로운 주요 전력원으로 꼽히고 있다. 24시간 안정적 출력이 가능한 친환경 에너지란 점과 설치가 쉽고 확장성이 높단 점이 부각되면서다. TIGER 미국AI전력SMR의 투자 종목을 보면 SMR 시장을 주도하고 있는 오클로와 뉴스케일파워를 각 15% 수준의 비중으로 담고 있다. 이어 연료전지 발전기 기업인 블룸에너지, 데이터센터 근처에 발전소를 두고 직접 장기 전력구매계약을 통해 데이터센터 특화 발전을 하는 콘스텔레이션 에너지, 전력 솔루션 기업인 이튼 등의 순으로 투자 비중이 높다. 이밖에 종합 전력 공급 및 관리 기업 비스트라에너지, 가스터빈 등을 포함한 종합 에너지 솔루션 기업인 GE버노바, 원자력 기업 BWX 테크놀로지스, 핵연료 전문기업 센트러스 에너지, 독립 발전 기업 탈렌 에너지 등에 투자한다. 이보다 앞서 국내 시장에 상장된 미국 AI 전력 테마 ETF로는 ‘KODEX 미국AI전력핵심인프라’, ‘SOL 미국AI전력인프라’, ‘SOL 미국원자력SMR’ 등이 있다. KODEX 미국AI전력핵심인프라의 경우 AI전력 인프라 기업 10개 종목에 투자하는 ETF로 GE버노바, 콘스텔레이션 에너지, 이튼, 아리스타네트웍스, 오클로 등의 투자 비중이 높다. SOL 미국AI전력인프라는 미국 AI전력 인프라 핵심 기업 20종목에 투자하며 버티브홀딩스, 콘스텔레이션에너지, 넥스트라에너지, 이튼, 콴타서비스 등의 순으로 포트폴리오 편입 비중이 높다. SOL 미국원자력SMR의 경우 SMR 밸류체인 18개 종목에 투자하는 상품으로 콘스텔레이션에너지, 카메코, 비스트라에너지, 오클로, BWX 테크놀로지스 순으로 투자 비중이 높다.  



(이미지=챗GPT 생성)"
미국 셧다운 타협안에 혼조 마감… AI거품론은 여전[뉴욕증시],"지난달 31일(현지시각) 미국 연방정부의 셧다운(일시 업무 정지) 사태가 수주째 계속되는 가운데 콜로라도주 커머스시티의 긴급 식품은행에서 자원봉사자들이 식료품 카트를 준비하고 있다./로이터=뉴스1 뉴욕증시 3대 주가지수가 미국 셧다운 타협 소식에 반등했지만 혼조 마감했다.7일(미국 동부시각) 뉴욕증권거래소(NYSE)에서 다우존스30산업평균지수(종가기준)는 전일보다 74.80포인트(0.16%)  상승한 4만6987.10에 장을 마쳤다. 스탠더드앤드푸어스(S&P) 500지수는 8.48포인트(0.13%) 상승한 6728.80, 나스닥종합지수는 49.46포인트(0.21%) 오른 2만3004.54에 마감했다.이날 장 초반은 인공지능(AI) 거품론 속에 관련주와 반도체주 중심의 매도가 쏟아졌다. 오픈AI 임원이 인프라 투자 설비와 AI 칩 구매 비용 등과 관련해 정부의 보증 방안을 거론한 게 기름을 부었다. 오픈AI 현금 흐름에 우려가 제기되자 샘 올트먼 오픈AI 최고경영자(CEO)가 직접 ""보증을 원하지 않는다""며 진화에 나서기도 했다.AI와 반도체 관련주로 구성된 필라델피아 반도체지수는 장중 4.70%까지 급락했다. 하지만 오후 들어 주가가 반등했다. 민주당이 임시 예산안 타협안을 공화당에 제안했다는 소식이 호재로 작용했다.업종별로는 통신서비스와 기술이 약세를 보였다. 필수 소비재와 부동산, 유틸리티, 소재, 에너지는 1% 이상 올랐다. 기술주가 하방 압력을 받는 동안 우량주와 산업주가 증시를 지탱했다. 코카콜라는 2% 넘게 올랐고 셰브런 등도 1% 이상 상승했다. 5% 넘게 밀리던 엔비디아는 강보합으로 마쳤고 아마존과 메타도 올랐다."
"의무공개매수 비껴간 더존비즈온, EQT 밸류업 방향성 관심 [투자360]","경영권 지분 1.3조 인수 목표, 프리미엄 28%주가 상승세 주춤, 비지배주주 물량 제외



더존비즈온 [EQT파트너스 제공][헤럴드경제=심아란 기자] 글로벌 사모펀드(PEF) 운용사 EQT파트너스가 기업용 전사적자원관리(ERP)와 비즈니스 소프트웨어 솔루션에 특화된 더존비즈온 바이아웃에 나섰다. 정부가 논의 중인 상장사 의무공개매수 제도는 비껴가면서 경영권 지분만 인수하는 구조를 설계했다. 매도세가 몰리며 주가가 주춤해진 가운데 EQT는 더존비즈온 밸류업에 성공할지 주목된다.8일 한국거래소에 따르면 더존비즈온 전일 종가는 8만2800원이다. 직전 거래일 기록한 52주 최고가 9만6600원과 비교해 14% 하락했다. 신고가는 1년 최저가 4만9850원 대비 2배가량 높다. 하반기 들어 경영권 매각 가능성이 언급되며 시장 주목을 받았으나 실제 거래 대상에 최대주주 측 지분만 포함되자 주가 변동폭이 커졌다는 분석이다.앞서 7일 더존비즈온은 경영권 양수도 계약 체결 내용을 공시했다. EQT가 김용우 회장의 보유지분 23.2% 전량과 신한금융그룹 계열사가 소유한 14.4%를 확보해 최대주주로 올라설 계획이다. 거래가 종결되면 EQT는 더존비즈온 자기주식을 제외한 경영권 지분 총 37.6%를 보유한다.거래 금액은 주당 12만원으로 총 1조3158억원으로 예정돼 있다. 6일 종가 기준 지분가치가 1조241억원인 점과 비교해 약 28%의 경영권 프리미엄이 붙었다.EQT는 최소 5년 이상 장기적 관점에서 경영개선 전략을 실행할 계획이며 인수 직후 내부 투자에 집중한다는 목표다. EQT는 지난 8월에는 명함 애플리케이션(앱) 리멤버 운영사 리멤버앤컴퍼니 지분 약 93%를 5000억원에 인수한다고 알렸다. 인적자원(HR) 플랫폼을 구축한 리멤버와 더존비즈온의 사업적 시너지를 창출할지도 관심거리다.더존비즈온은 리멤버앤컴퍼니와 달리 상장사인 점이 눈길을 끈다. 올 상반기 기준 더존비즈온의 지분 44%가량은 소액주주에 분산돼 있다. EQT는 이번 매수 물량에 소액주주 지분을 포함하지 않아 더존비즈온의 상장사 지위는 당분간 유지할 것으로 보인다.제도 변화에 따른 불확실성은 남아 있다. 금융위원회는 내년 상반기 추진 과제로 의무공개매수 도입을 언급했다. 상장사 경영권 지분을 인수할 때 잔여 물량에 대해서도 인수 의무를 부과하는 장치다. 소액주주에게도 지배주주와 동일한 프리미엄을 제공해 엑시트 기회를 보장하라는 취지다. 현재까지 논의된 방안으로는 ▷지분 25% 이상을 취득해 최대주주가 됐을 때 공개매수를 통해 ‘50%+1주’까지 확보 ▷지분 100% 전량 공개매수 등이다.상장사 포트폴리오에 수반되는 리스크도 있다. 주가 변동성에 노출돼 있으며 PE가 소유한 상장사 가운데 시가가 인수가격을 밑도는 사례도 적지 않다. 이에 PE들은 상장사 인수 시 공개매수를 병행해 상장폐지하는 경향성을 보이고 있다. 올해도 VIG파트너스는 미용 의료기기 업체 비올 구주 인수와 동시에 잔여 지분을 전량 사들이는 공개매수를 실시해 상장폐지 절차를 밟고 있다.올해 체결된 상장사 경영권 양수도 계약 가운데 ▷어피니티에쿼티파트너스의 롯데렌탈 ▷스톤브릿지캐피탈-LS증권의 리파인의 경우 경영권 지분에만 프리미엄을 얹어 인수한 거래다. 이들 두 곳은 행동주의 전략을 펼치는 기관주주로부터 거래의 공평성이 떨어진다고 지적 받은 바 있다. EQT 역시 앞서 두 건과 거래 구조가 유사한 만큼 잡음을 줄이기 위해서는 더존비즈온 기업가치 제고를 통한 주주 권익 보호가 요구되고 있다.더존비즈온은 1991년 설립돼 국내 중소기업을 대상으로 기업용 비즈니스 소프트웨어 솔루션을 개발해 제공해 왔다. 핵심 ERP를 비롯해 세무, 회계, 컴플라이언스, 커뮤니케이션 등 다양한 클라우드와 소프트웨어 서비스를 지원한다. EQT의 더존비즈온 인수는 공정거래위원회의 기업결합과 산업자원부의 인허가 등 관련 규제 승인 절차 이후 완결될 전망이다."
"우버, 호실적에도 주가 급락...증권가는 ""오른다"" 왜?[주목!e해외주식]","차량 공유 서비스 우버올해 3분기(7~9월) 시장 전망치 웃도는 실적 발표주가는 3거래일 연속 하락세증권가 ""엔비디아와 로보택시 파트너십"" 기대[이데일리 권오석 기자] 차량공유 서비스 기업 우버가 시장 전망치를 상회하는 3분기 매출액을 발표했다. 증권가는 향후 로보택시 모멘텀에 따른 장밋빛 전망을 내놓고 있다.



다라 코스로샤히 우버 최고경영자(CEO). (사진=우버)지난 4일(현지시간) 우버는 3분기 매출액이 전년 동기 대비 20% 상승한 134억 7000만 달러(한화 약 19조 3000억원)를 기록했다고 밝혔다. 이는 시장조사기관 ‘LSEG’가 집계한 전망치 132억 8000만 달러를 상회하는 수치다. 주당 순이익은 3.11 달러로, 시장 전망치인 68센트를 크게 웃돌았다.월간활성플랫폼이용자(MAPC) 수는 전년 동기 대비 17% 늘어난 1억 8900만명이었고, 이동 횟수는 같은 기간 22% 늘어난 35억 1200만 회를 기록했다. 우버의 전체 거래 규모를 보여주는 총 예약액은 같은 기간 21% 늘어난 497억 달러로 집계됐다. 우버의 다라 코스로샤히 최고경영자(CEO)는 “2023년 말 이후 가장 강력한 성장세”라며 “승차량 증가세는 코로나19 이후 회복기를 제외하면 역사상 최대 규모”라고 설명했다.우버는 4분기에도 성장세가 이어지면서 총 예약액이 전년 대비 17~21% 성장한 522억 5000만~537억 5000만 달러가 될 것으로 전망했다. 이는 시장 전망치인 521억 달러보다 높은 수치다.다만 영업이익은 11억 1300만 달러로, 블룸버그가 집계한 시장 전망치인 16억 2000만 달러에는 미달했다. 이에 대해 프라샨트 메한드라-라자 최고재무책임자(CFO)는 “공개하지 않은 법적·규제 문제 등이 원인”이라고 했다. 아울러 4분기 조정 상각 전 영업이익(EBITDA)을 24억 1000만~25억 1000만 달러로 제시, 하단 가격이 시장 전망치인 24억 9000만 달러에 미치지 못했다.4분기 예상치가 기대 이하인 탓인지, 우버는 당일 뉴욕증권거래소에서 5.06% 급락한 94.67달러에 거래를 마쳤다. 다음날인 5일에도 2.03% 하락한 92.75달러, 6일에도 0.68% 떨어진 92.12달러에 장을 마감했다. 3분기 호실적을 발표했음에도 주가는 오히려 곤두박질한 것이다.다만 현 주가 추이는 단기 조정에 불과하며, 우버와 엔비디아의 파트너십에 따른 우상향이 예상된다는 게 증권가 관측이다. 양사는 엔비디아의 차세대 자율주행 플랫폼을 기반으로 ‘레벨 4(L4·운전자 도움이 필요 없는 단계)’ 로보택시 및 자율주행 배송 차량 네트워크를 구축·확장하기로 했다.이지수 한국투자증권 연구원은 “엔비디아는 ‘Hyperion’(하이페리온) 플랫폼을 활용해 자율주행차 공급망 확보 및 수익성 강화를 추진하고 있으며, 2027년부터 단계적으로 최대 10만대 규모의 L4 플릿을 단계적으로 구축할 계획”이라며 “초기에는 스텔란티스가 공급하는 5000대의 엔비디아 기반 차량으로 상용화를 시작할 예정이다. 로보택시 TAM(잠재시장) 확장에 따른 구조적 수혜가 예상되는 우버에 대해 긍정적인 의견”이라고 했다.고민성 NH투자증권 연구원은 “양호한 실적 성장세이나, 시장에서는 더 큰 성장을 기대하며 일부 차익 실현을 위한 매물이 출회됐다”며 “단기 눈높이 조정이라고 판단하며 플랫폼 확장에 따른 실적 모멘텀 이어질 것으로 기대한다”고 내다봤다."
"에이피알, 비수기에도 '깜짝 실적'…목표가 줄상향[청기홍기]","한 주간 증권가 목표주가 상향·하향 종목 리뷰에이피알, 미국·일본 등 해외 채널 성장세달바글로벌, 일본·러시아 매출 둔화…목표가↓에이피알이 3분기 어닝 서프라이즈를 기록하면서 증권가에서 목표주가 상향 조정이 이어지고 있다. 미국과 일본을 중심으로 한 해외 매출 채널 확대가 호실적을 이끈 가운데 내년 의료기기(EBD) 라인업 출시까지 예고되며 구조적 성장 기대감이 커진다는 분석이다.에이피알, 6분기 연속 최대실적 경신에이피알은 지난 6일 실적 발표를 통해 3분기 매출액 3859억원, 영업이익 961억원을 기록했다고 밝혔다. 매출과 영업이익이 전년 동기 대비 각각 121.7%, 252.9% 증가하면서 시장 컨센서스(862억원)를 웃돌았다.3분기가 통상 뷰티업계 비수기임에도 호실적을 발표했다는 점이 주목받는다. 한송협 대신증권 연구원은 ""3분기 비수기를 무색하게 또다시 실적이 최대치를 경신했다""며 ""미국 ULTA 1400곳 매장 진입 이후 재주문(70억~80억원)이 발생하며 K-뷰티 1위, TOP 10 브랜드로 자리 잡았고, 일본은 2000여개 오프라인 매장 확대로 채널 시너지를 강화했다""고 말했다.한 연구원은 이어 ""미국 ULTA 오프라인 매출 확대와 일본·유럽 시장의 채널 확장이 외형을 견인할 전망""이라며 ""내년 하반기 출시될 의료기기(EBD) 라인업까지 더해지며 에이피알은 25%대 수익성을 유지한 채 구조적 성장을 이어갈 것""이라고 전망했다.



하희지 현대차증권 연구원은 에이피알 목표가를 28만원에서 31만원으로 올리면서 ""6분기 연속 최대 실적을 경신했다""고 호평했다. 하 연구원은 ""미국 매출이 1280억원으로 416% 급증하며 전체 매출의 80% 이상을 차지했다""며 ""4분기에는 블랙프라이데이 매출이 더해져 또 한 번의 최고치가 유력하다""고 말했다.정지윤 NH투자증권 연구원은 ""에이피알은 단순한 화장품 회사를 넘어 글로벌 뷰티 플랫폼으로 진화하고 있다""며 목표가를 30만원에서 33만원으로 상향 조정했다. 정 연구원은 ""미국과 B2B 시장에서 동시 성장 구조가 뚜렷해지고, 2026년 영업이익 4890억원 순이익 3960억원 달성이 가능하다""며 ""현재 주가는 글로벌 확장 초기 국면임에도 2026년 예상 PER 22배 수준으로 여전히 저평가돼 있다""고 말했다.이승은 유안타증권 연구원도 ""에이피알은 이제 미국 오프라인 시장에서 존재감을 확실히 입증했다""며 ""울타뷰티 매장 1400곳에서 단 한 달 만에 70~80억원 규모의 리오더를 기록하며 K-뷰티 브랜드 중 가장 빠른 성장세를 보였다""고 말했다.박현진 신한투자증권 연구원은 ""단점 없는 완벽한 실적""이라며 에이피알 목표가를 28만원에서 30만원으로 올렸다. 조소정 키움증권 연구원도 ""내년에는 더 성장할 것""이라며 이 회사 목표가를 27만원에서 31만원으로 올려 잡았다.'승무원 미스트' 달바글로벌, 목표가 줄하향 반면 '승무원 미스트'로 주목받았던 달바글로벌의 목표가는 낮아졌다. 3분기 실적이 기대치를 밑돈 영향이다.달바글로벌은 올해 3분기 매출액과 영업이익이 각각 전년 동기 대비 59.3%, 18.6% 증가한 1173억원, 167억원을 기록했다고 밝혔다. 영업이익이 시장 컨센서스(240억원)를 큰 폭으로 밑돌았다는 평가다.정지윤 NH투자증권 연구원은 달바글로벌 목표가를 24만원에서 20만원으로 내리면서 ""계절적 요인으로 전 분기 대비 매출량이 감소하고, 총이익률이 상대적으로 낮은 B2B(기업 간 거래) 매출 비중이 38%까지 상승했다""며 ""판매비와 관리비가 당사 추정치 대비 50억원가량 증가했다""고 분석했다.



허제나 DB증권 연구원도 달바글로벌 목표가를 20만원에서 18만원으로 내리면서 ""신규 제품군에 대한 브랜드 마케팅 비용이 공격적으로 집행되며 영업이익률은 전년 동기 대비 4.9%포인트 둔화된 14.2%를 기록했다""고 밝혔다.특히 일본과 러시아에서의 매출 둔화가 아쉽다는 평가다. 허 연구원은 ""일본은 오프라인으로 매출을 전환하는 과정에서 일부 매출 공백이 발생했다""며 ""러시아는 온라인 채널을 집중적으로 육성하기 위해 기존 인력을 재배치하고 신제품 입점 시기를 협의하는 과정에서 발주가 지연됐다""고 설명했다.정지윤 연구원도 ""제품 마케팅과 수출 권역 확장으로 비용이 증가한 점이 아쉽다""며 ""목표주가 하향 조정의 주 원인은 러시아·일본 매출 추정치를 낮추면서 내년 주당순이익(EPS)을 14% 내렸기 때문""이라고 언급했다.김혜미 상상인증권 연구원은 아모레퍼시픽 목표가를 18만5000원에서 17만원으로 내리면서 ""자회사인 코스알엑스가 연결 실적에 편입된 이후 지속적으로 역성장하고 있는 점이 아쉽다""고 평가했다.그 외 이해니 유진투자증권 연구원은 코스맥스 목표가를 30만원에서 29만원으로, 한국콜마 목표가를 12만원에서 11만원으로 각각 하향 조정했다.



[청기홍기]의 모든 콘텐츠는 투자 권유, 주식가치의 상승 또는 하락을 보장하지 않습니다. 참고용으로 봐주세요!"
각성한 몬스터 비버리지…3분기 실적에서 셀시어스 압도한 비결 [될종목],"세계 2위 에너지 드링크 제조업체 몬스터 비버리지(티커명 MNST)가 3분기 사상 최대 실적을 기록하며 경쟁사 셀시어스(티커명 CELH)를 압도하는 성과를 냈다. 해외 매출 비중이 역대 최고인 43%에 달하며 글로벌 성장세를 입증했고, 제로 슈거 라인업의 인기와 가격 인상 효과로 매출총이익률도 55.7%까지 회복했다. 반면 급성장 후유증을 겪고 있는 셀시어스는 유통망 재편에 따른 실적 둔화 우려가 현실화되면서 미 증시에서 부진한 성적을 기록 중이다.현지시간 7일 뉴욕증권거래소(NYSE)에서 몬스터 비버리지 주가는 전 거래일 대비 5.16% 급등한 69.73달러에 거래를 마감했다. 올해 들어 33% 상승하며 견조한 흐름을 이어가고 있다. 반면 셀시어스는 같은 날 7.86% 급락한 41.52달러, 지난달부터 약 32% 하락한 상태로 음료 시장에서 엇갈린 행보를 보이고 있다.◆ 해외 매출 43% '역대 최고'..제로 슈거 제품 통했다몬스터 비버리지가 전날(현지시간 6일) 공개한 3분기 실적은 모든 지표에서 시장 컨센서스를 크게 넘어섰다. 총 매출은 22억 달러로 컨센서스 21억 1천만 달러를 상회했고, 조정 EBITDA는 7억 800만 달러로 예상치 6억 2천만 달러보다 높았다. 일회성 항목을 제외한 조정 주당순이익(EPS)은 56센트로 컨센서스 48센트를 17.5% 상회하는 성과를 기록했다. 힐튼 슐로스버그 최고경영자(CEO)는 이번 실적보고서와 컨퍼런스 콜에서 “기록적인 분기 매출과 순이익을 달성했다""며 ""글로벌 시장에서의 강력한 성장세가 지속되고 있다""고 자신감을 드러냈다.몬스터 비버리지의 이러한 3분기 실적은 해외 시장의 안정적인 성장 구조를 마련했기 때문이다. 전체 사업에서 몬스터 에너지 드링크가 작년 같은 기간보다 17.7% 성장을 이어갔고, 해외 매출은 전체 사업 비중의 43%로 역대 최고치를 썼다. 이는 북미 중심의 사업 구조에서 벗어나 아시아와 유럽 등 글로벌 기업으로 거듭나고 있다는 의미다.지역별로 살펴보면 EMEA(유럽·중동·아프리카) 매출은 전년 동기 대비 30.3% 늘었다. F1(포뮬러 원) 레이싱의 맥라렌 소속인 랜도 노리스를 모델로 한 제로 슈거 제품이 큰 인기를 끌며 유럽 시장 공략에 성공한 것으로 분석된다. APAC(아시아태평양) 매출도 28.7% 늘었다. 경기 둔화가 이어져온 중국에서 매출이 42.9% 급증하며 음료 시장 점유율이 늘어난 것으로 풀이된다. 부문별로는 몬스터 에너지 드링크 부문이 핵심 사업 성장을 지속한 가운데, 제로 슈거 제품군인 몬스터 에너지 울트라 라인이 강세를 보였다. 반면 주류 사업 부문은 3분기 들어 17% 감소하며 고질적인 적자를 이어갔다.◆ ""커피 소비자 흡수""..카페인 시장의 판도 변화몬스터 비버리지는 전략적 가격 인상과 제품 믹스 최적화 등으로 에너지 음료 시장의 경쟁 구도를 바꿔놓고 있다. 지난해 말 제품 단가를 5% 인상한 효과가 올해 내내 실적에 반영되면서 수익성이 크게 개선됐다. 미 행정부의 철강 관세 부과로 인한 알루미늄 캔 원가 상승도 상쇄하며 전체 마진을 끌어올렸다.여기에 마진율이 높은 제로 슈거 제품군(울트라 라인)을 통한 제품군 다변화 전환 전략도 수익성 개선의 핵심이 됐다. 슐로스버그 CEO는 컨퍼런스콜에서 ""서유럽 기준 신규 소비자의 25%가 물, 주스, 커피, 탄산음료에서 에너지 드링크로 전환했다""며 ""에너지 드링크가 단순한 대체재가 아니라 새로운 음료 카테고리로 자리 잡고 있다""고 설명했다.캔 음료 시장 사업자들과 달리 스타벅스를 비롯한 커피 전문 유통점들은 인플레이션으로 인한 소비자들의 부담과 커피 원두 가격 급등에 따른 마진 압력에 처해있다. 슐로스버그 CEO는 ""커피하우스의 커피 가격이 정말 비싸지고 있다""며 에너지 드링크가 합리적인 대안으로 부상하고 있다고 분석했다. 이러한 가격, 공급망 대응 전략의 결과로 이번 분기 매출총이익률은 55.7%까지 올라섰다. 이는 경쟁사 셀시어스의 3분기 매출총이익률 51.3%를 웃도는 수치다. 셀시어스는 올해 1분기 50.8% 이후 마진율이 정체된 반면 몬스터는 지속적인 개선세를 보이고 있다.



◆ 셀시어스는 고성장 후유증..유통망 재편에 몸살한편 경쟁사인 셀시어스는 올해 3분기 기준 매출액 7억 2천500만 달러, 조정 EPS 42센트를 기록했지만, 시장의 기대치에 미치지 못했다는 평가가 나왔다. 더 큰 문제는 컨퍼런스콜에서 밝힌 오는 4분기 실적 둔화 가능성이다.존 필들리 최고경영자(CEO)는 3분기 컨퍼런스콜에서 “올해 연말은 프로모션 등으로 시끄러운 분기가 될 것""이라며 ""알라니 누(Alani Nu) 브랜드의 유통망을 펩시로 이전하는 과정에서 일시적 충격이 불가피하다""고 밝혔다. 기존 유통망의 10~15일치 재고 반품과 이에 따른 운송 비용 증가, 여기에 알루미늄 관세 부담에 대응할 수단이 부족한 상태로 4분기 마진 하락을 공식화한 셈이다.다만 재러드 랭한스 CFO는 ""2026년 1분기에 이러한 재정비 효과가 반영될 것""이라며 중장기 실적 회복 가능성에 무게를 뒀다. 월가는 셀시어스의 이러한 설명에도 제품 판매 증가율이 13%인 반면 회사의 출하량 증가율은 44%에 달해, 높은 괴리율이 재고 축적에 따른 부진일 가능성을 주목하고 있다.



◆ 월가 ""몬스터 독보적 성장""...셀시어스는 '관망'이번 실적 발표에 따라 에너지 음료 시장에 대한 월가의 평가는 극명하게 엇갈린다. 몬스터 비버리지에 대해 LSEG가 집계한 컨센서스는 21개 기관 중 14개(약 67%)가 매수 또는 강력 매수로 나타났고, 펀더멘털 기준 점수는 9점, 가격 등 기타 요소를 종합한 평균 점수는 10점 중 7점으로 집계됐다.모건스탠리의 다라 모세니안 애널리스트는 ""어려운 소비재 환경에서 독보적인 성장 스토리를 보여주고 있다""며 ""미국과 해외에서 상당하고 균형 잡힌 서프라이즈에 해당하는 실적을 기록했다""고 평가했다.이에 반해 셀시어스에 대해서는 LSEG 컨센서스 기준 중립 의견, 종합 점수는 5점에 그쳤다. 최근 한 달간 주가가 20% 넘게 급락하면서 가격에 따른 평가 점수는 10점 만점 중 2점에 그쳤다. 모건스탠리도 이번 실적 직후 보고서에서 비중 확대 의견은 유지했지만, 목표가를 70달러에서 64달러로 하향 조정했다. ""시장의 높은 기대치 대비 3분기 매출이 미달했고, 4분기 실적 약화 우려가 크게 반영됐다""며 ""유통망 전환은 내년 상반기에나 본격화될 것""이라는 설명이다.몬스터 비버리지는 북미를 넘어선 글로벌 시장 확대와 저당 제품으로 다변화하며 에너지 드링크 시장의 2위 자리를 굳히고 있다. 셀시어스는 팬데믹 시기의 급성장 이후 인수합병과 사업 재정비 과정의 잡음이 이어지면서 오는 4분기 이에 대한 시장의 우려를 덜어내야 하는 과제를 안게 됐다."
"'빚투', 25.8조원 '사상최고'…""밀리면 계속 산다""","신용거래융자잔고, 25.8조원…사상최고치 '경신'



인공지능(AI) 기술주 고평가 논란과 글로벌 증시 변동성에도 불구하고 국내 증시에서 '빚투'(빚내서 투자) 규모가 연일 사상 최고치를 경신하고 있다.8일 금융투자협회에 따르면 지난 6일 기준 신용거래융자 잔고는 25조8천782억원으로 집계돼 직전 일에 이어 사상 최고치를 새로 섰다.신용거래융자 잔고는 투자자가 주식 투자를 위해 증권사로부터 자금을 빌린 뒤 변제를 마치지 않은 금액으로, 빚투 규모를 가늠하는 지표 중 하나다.시장별로는 유가증권시장이 16조934억원, 코스닥시장이 9조7천848억원이었다.특히 AI 거품 우려 속 뉴욕증시의 3대 지수 급락 여파로 코스피도 직전일 대비 3% 가까이 하락했던 지난 5일, 신용거래융자 잔고는 25조8천225억원으로 종전 최고치인 25조6천540억원(2021년 9월 13일)을 넘어서며 기록을 새로 썼다.증시 변동성이 확대되는 가운데서도 빚투가 늘어난 것은, 지수 급등 시 포모(FOMO·소외 공포)에 시달렸던 투자자들이 변동성을 틈타 추격 매수에 나섰기 때문으로 풀이된다.실제로 전날 유가증권시장에서 외국인과 기관이 각각 3천308억원, 2천149억원을 순매도한 반면 개인은 5천334억원을 순매수했다.증권업계는 코스피 상승 추세가 완전히 꺾였다고 보지 않지만, 당분간 악재에 민감하게 반응하는 변동성 장세가 지속될 가능성이 있다고 내다봤다.(사진=연합뉴스)"
형님들 우는데 활짝 웃은 새내기株…노타·이노테크 주가 '질주' [마켓시그널],"이노테크 ‘따따블’ 등극노타, 11% 강세 마감반도체·조선 등 약세



7일 서울 영등포구 한국거래소에서 열린 이노테크 코스닥시장 상장기념식에서 관계자들이 상장기념패 전달 후 기념 촬영하고 있다. 왼쪽부터 김대영 한국IR협의회 부회장, 이미현 한국거래소 코스닥시장본부장보, 장석준 이노테크 대표이사, 주태영 KB증권 IB부문장, 강왕락 코스닥협회 부회장. 사진 제공=한국거래소[서울경제] 치솟은 환율과 인공지능(AI) 거품론으로 코스피지수가 10거래일 만에 4000선을 내준 가운데 증시에 새롭게 입성한 새내기주들은 강세를 나타냈다. 이노테크(469610)는 상장 첫날 ‘따따블’(공모가 대비 4배)을 기록했으며 노타(486990)는 공모가 대비 500% 넘게 오른 채 증시 입성 첫 주를 마무리했다.8일 한국거래소에 따르면 전날 코스닥 시장에 상장한 이노테크는 공모가(1만 4700원) 대비 300% 오른 5만 8800원에 장을 마쳤다. 공모가보다 242.18% 높은 5만 300원에 시초가를 형성한 이노테크는 장중 상승폭을 확대하며 따따블을 달성했다.2013년 설립된 이노테크는 신뢰성 환경시험 장비와 특수 시험장비 개발·제조에 특화된 ‘복합 신뢰성 환경시험 장비 전문 기업이다. 복합 신뢰성 환경시험 장비는 전자제품과 부품이 온도·습도·진동·진공 등 가혹한 조건에서 성능 저하나 결함이 발생하는지를 검증하는 핵심 설비다. 해당 장비는 디스플레이, 반도체, 2차전지, 자동차 등 주요 산업에서 안정적 양산과 고품질 제품 출시에 필수적인 역할을 수행한다.이런 기술력을 기반으로 이노테크는 상장 전 일반 투자자 대상으로 진행한 공모주 청약에서 2427.23대 1의 경쟁률을 기록하며 증거금 7조 8496억 원을 끌어모았다. 이노테크는 이번 공모를 통해 확보한 자금을 △신규 산업(반도체·2차전지 등) 대응 장비 개발 △글로벌 고객 대응 인프라 강화 △연구개발(R&D) 투자 확대 등에 활용할 계획이다. 장석준 이노테크 대표는 “기술 경쟁력을 바탕으로 글로벌 복합 신뢰성 시험장비 선도기업으로 도약하겠다”고 말했다.이달 3일 코스닥 시장에 입성한 노타도 긍정적인 주가 흐름을 보이고 있다. 노타는 전날 11.36% 5만 5400원에 장을 마감하며 직전 거래일 하락폭(4.88%)의 2배 이상을 만회했다. 상장 첫날 240.66% 급등한 노타는 이후 상승 기류를 유지하며 5거래일 만에 공모가(9100원) 대비 508.79% 치솟았다.노타는 AI 모델의 경량화·최적화 기술을 기반으로 AI가 효율적으로 작동하는 환경을 구현한다. 모델 크기와 연산량을 줄이고 하드웨어에 최적화함으로써 AI 개발·운영 효율을 극대화한다. 엔비디아, 삼성전자(005930), 퀄컴, 암(Arm) 등 글로벌 기업들과 협력하며 AI 생태계를 확장하고, 경량화·최적화 분야의 표준화를 선도하고 있다.AI 전문 기업인 만큼 공모주 일반 청약 단계에서부터 투자자들의 높은 관심을 받았다. 노타는 일반 투자자 대상 공모주 청약에서 2781.5대 1의 경쟁률을 기록하며 올해 진행한 기업공개(IPO) 일반 청약 중 최고 수치를 경신했다. 이에 청약 증거금 약 9조 2261억 원을 확보하기도 했다.노타는 이번 상장으로 확보한 공모 자금을 △고성능 서버 및 하드웨어 인프라 확충 △연구개발 및 운영자금 △차입금 상환 등에 활용해 AI 경량화 기술을 고도화하고 재무 구조를 한층 강화할 계획이다. 채명수 노타 대표는 “상장 이후에도 꾸준히 성장해 AI 경량화 및 최적화 분야의 글로벌 리더가 되겠다”고 밝혔다.



7일 서울 중구 하나은행 딜링룸 현황판에 코스피 지수 등이 표시되고 있다. 이날 코스피 지수는 전 거래일 대비 72.69포인트(1.81%) 내린 3953.76에, 코스닥은 21.36포인트(2.38%) 내린 876.81에 장을 마감했다.반면 새내기주들과 달리 증시를 이끌어온 반도체·조선·방산 등 대장주들은 전날 하락세로 장을 마쳤다. 삼성전자가 1.31% 하락한 9만 7900원, SK하이닉스(000660)는 2.19% 내린 58만 원에 거래를 마감했다. 간밤 미국 증시에서 AI 거품론이 불거지며 엔비디아, 팔란티어가 급락한 영향으로 풀이된다. 한지영 키움증권 연구원은 “미국과 국내 모두 주도주인 AI 종목들의 버블과 고평가 지적이 끊이질 않고 있다”고 진단했다.이외에도 두산에너빌리티(034020)(-1.77%), 한화에어로스페이스(012450)(-4.85%), HD현대중공업(329180)(-0.76%), 현대로템(064350)(-6.27%) 등이 약세로 장을 마무리했다. 조선 업종 가운데서는 핵잠수함 관련 호재가 있는 한화오션(042660)이 3.09% 상승한 12만 6800원에 거래를 마쳤다. 한화오션은 전날 장중 한때 13만 9100원까지 오르며 약세장에도 불구하고 13%대 강세를 보였다.시장 주도주들의 하락세에 밀려 전날 코스피지수는 전 거래일 대비 72.69포인트(1.81%) 내린 3953.76에 마감하며 10거래일 만에 4000선을 내줬다. 지수는 전장보다 62.73포인트(1.56%) 내린 3963.72로 출발해 낙폭을 줄여 한때 4000선을 회복했지만 외국인이 매도 우위로 전환하면서 3900선까지 내줬다.유가증권시장에서 개인 투자가가 6791억 원을 순매수했지만 외국인과 기관 투자자들이 각각 4550억 원, 2446억 원어치를 팔아치우며 지수를 끌어내렸다.



 형님들 우는데 활짝 웃은 새내기株…노타·이노테크 주가 '질주' [마켓시그널]"
"ARM, 데이터센터 온기 확산에 실적 턴어라운드…주가 탄력 받을까","AI 인프라 확대에 맞춤형 칩 수요 급증 수혜 기대지난 분기 매출·영업익 모두 시장 예상치 상회메타 협력·‘스타게이트 프로젝트’ 참여도 기대 요인[이데일리 신하연 기자] 미국 나스닥에 상장해 있는 영국 반도체 설계기업 (Arm Holdings·티커명 ARM)이 최근 데이터센터 수요 급증 수혜에 힘입어 뚜렷한 실적 반등을 보이고 있다. 그간 AMD, 엔비디아, 브로드컴 등 다른 팹리스 기업에 비해 밀렸던 주가가 탄력을 받을 수 있을지 관심이 쏠린다. 인공지능(AI) 인프라 구축이 확대되면서 하이퍼스케일러들의 맞춤형 칩(Custom Chip) 수요가 크게 증가했고, 이에 따라 모바일 중심이었던 사업구조가 데이터센터·클라우드 중심으로 빠르게 옮겨가고 있다는 평가다.



(사진=로이터)Arm의 2026년 회계연도 2분기(7~9월) 매출이 전년 동기 대비 34.5% 증가한 11억4000만달러(한화 약 1조6600억원)를, 비(非) 일반회계원칙(GAAP) 기준 영업이익은 43.3% 증가한 4억7000만달러(6845억원)를 기록해 컨센서스를 크게 상회했다. 다음 분기 가이던스로는 매출 약 12억2500만달러, 비GAAP 주당순이익(EPS)은 0.41달러 수준으로 제시했다. 이는 시장 기대치를 각각 약 10.7%, 16.6% 상회하는 수치로, 시장의 기대감을 지극했다. 이는 차세대 AI 칩 개발 과정에서 이번 분기에만 7건의 대규모 신규 계약을 체결한 데 기인한다는 설명이다. 로열티 매출 역시 전년 동기 대비 20.6% 증가한 6억2000만달러(9029억원)로 사상 최대 수준을 달성했다. 특히 데이터센터용 Neoverse 로열티 수익이 전년 대비 두 배 이상 증가했으며, Arm v9이 탑재된 스마트폰 판매 증가도 실적 성장에 기여했다.이에 대해 고민성 NH투자증권 연구원은 “최근 AI 투자가 확대되는 과정에서 데이터센터향 매출이 전사 실적 회복을 견인했다”며 “Arm의 Neoverse CPU는 경쟁 제품 대비 50% 이상의 효율성을 제공해 하이퍼스케일러(대규모 클라우드 기업)를 중심으로 제품 채택 증가하고 있다”고 진단했다. 또 “모바일 중심의 전방 시장이 데이터센터로 전환되는 국면”이라고 덧붙였다.이같은 스마트폰 칩당 로열티율 상승과 하이퍼스케일러들의 커스텀 칩 수요 확대 추세는 당분간 이어질 것이란 전망이다. 문승환 한국투자증권 연구원은 “애플·삼성 등 주요 스마트폰 고객사들이 Armv9 및 CSS 기반 스마트폰을 본격 양산하기 시작하면서 로열티율이 상승 중이며, 최근 AI로 인해 전례 없는 컴퓨팅 수요가 발생하고 전력 효율이 AI 인프라의 핵심 병목으로 부상했다”고 분석했다. 그러면서 “Arm IP는 경쟁 IP 대비 50% 더 높은 전력 효율성을 보여주며 엔비디아, 구글, 마이크로소프트, 아마존, 테슬라 등 최근 추가되는 빅테크들의 컴퓨팅 반도체 수요 대부분이 Arm 기술을 기반으로 한다”고 짚었다.다양한 전략적 파트너십 확대에 주력하고 있다는 점도 기대 요인으로 꼽힌다. 최근 메타(Meta Platforms)와의 AI 지원 웨어러블부터 데이터센터까지 아키텍처 공동개발을 위한 협력이 발표된 바 있다. 또 미국 초대형 AI 인프라 구축 프로젝트인 ‘스타게이트(Stargate)’의 핵심 파트너로도 이름을 올린 만큼 향후 로열티 매출 확대가 기대된다. 더불어 테슬라 AI5 칩 관련 신규 로열티 매출과 관련해서도 실적 모멘텀 확대 기대감이 커지는 분위기다.Arm 주가는 올 들어 28.28% 상승했다. 같은 기간 AMD(96.78%), 브로드컴(53.38%), 엔비디아(40.06%) 수익률을 하회하는 수준이다."
‘팔란티어 하락’에 베팅한 ‘빅쇼트’ 마이클 버리…‘AI 대신 ○○ 상승’에 걸었다 [투자360],"마이클 버리의 사이언 자산운용 3분기 보고서 공개엔비디아·팔란티어 9억달러 규모 풋옵션화이자·할리버튼엔 상승 포지션



마이클 버리 [챗gpt를 이용해 제작함][헤럴드경제=문이림 기자] 영화 ‘빅쇼트’의 실제 주인공으로 알려진 마이클 버리가 인공지능 관련주에 사상 최대 규모의 하락 베팅을 걸었다. 상승 베팅을 건 종목은 제약업종의 화이자와 에너지업종의 할리버튼 등 전통 산업주였다.8일 금융투자업계에 따르면 버리가 이끄는 사이언 자산운용은 지난 3일 미국 증권거래위원회에 올 3분기 13F 보고서를 제출했다. 13F 보고서는 운용자산이 1억 달러 이상인 기관투자자가 분기마다 보유 종목과 포지션 내역을 의무적으로 공개하는 보고서다.보고서에 따르면 사이언 자산운용의 전체 포트폴리오 규모는 13억8120만달러다. 가장 비중이 큰 종목은 팔란티어다. 약 9억1210만달러 규모의 풋옵션(주식매수청구권)은 전체의 66.1%를 차지한다.두 번째로 비중이 큰 종목은 엔비디아로, 약 1억8658만달러 규모의 매도옵션을 보유했다. 버리는 AI 버블 붕괴 가능성에 베팅한 것으로 풀이된다.버리는 지난달 31일 X(구 트위터)에 “우리는 때때로 버블을 본다며” “때때로 참여하지 않는 것(시장에 들어가지 않는 것)이 승리일 수 있다”는 글을 남겼다.포브스는 “인공지능 혁명의 중심에 있는 엔비디아와 팔란티어를 상대로 대규모 매도옵션(풋옵션) 포지션을 취했다”며 “이번 투자가 그의 경력 중 가장 규모가 크고 위험도가 높은 베팅 중 하나”라고 평가했다.버리는 헬스케어와 에너지 섹터를 중심으로 방어적인 상승 전략을 펼쳤다. 가장 큰 강세 포지션은 화이자에 대한 콜옵션(주식매도청구권)이다. 투자 규모는 1억5288만달러에 달한다. 코로나19 팬데믹 이후 조정 국면을 거치며 화이자 주가가 과도하게 저평가됐다고 판단한 것으로 풀이된다.에너지 부문에서는 할리버튼 콜옵션을 6150만달러 규모로 편입했다. 세계 2위 석유 서비스 기업인 할리버튼은 유전 시추와 장비 공급 등 전통 에너지 산업 전반을 아우른다.몰리나헬스케어(2392만달러), 룰루레몬(1779만달러), 샐리메이(1329만달러), 브루커 우선주(1313만달러)도 상위 8개 보유 종목에 포함됐다.몰리나헬스케어는 미국 중저소득층 대상의 정부 의료보험 전문 보험사다. 룰루레몬은 프리미엄 요가웨어 브랜드로 글로벌 소비재 시장에서 꾸준한 성장세를 이어가고 있다. 샐리메이는 학자금 대출을 중심으로 한 소비자 금융기업이다. 브루커 우선주는 6.375%의 배당률을 제공한다. 고위험 옵션 전략 속에서 헤지 수단이자 현금흐름 보완용으로 편입한 것으로 보인다.버리는 2분기부터 3분기 사이 기존 포트폴리오를 사실상 전면 청산하고 새로 구축했다. 헬스케어 섹터의 유나이티드헬스 콜옵션과 리제네론 콜옵션, 소비재 섹터의 에스티로더가 제외됐다.기술 섹터의 메타플랫폼과 알리바바, JD닷컴, ASML 등도 포트폴리오에서 빠졌다. 버리가 인공지능 관련주의 거품 붕괴 가능성을 확신하고 새로운 투자 논리를 중심으로 포트폴리오를 재편한 것으로 풀이된다.다만 보고서에는 공시된 옵션 계약의 행사가격과 만기일이 명시되지 않았다. 9월 말 기준으로 작성된 것으로 4분기 들어 포트폴리오를 조정됐을 가능성이 있다."
역대 최저 소비심리·셧다운 타협…엉킨 재료에 혼조 [뉴욕증시 브리핑],"AI 버블론과 소비심리 악화에 투심 위축나스닥 한때 2.13% 밀려오후 들어 예산안 타협안에 낙폭 만회



사진=게티이미지뱅크뉴욕증시의 3대 주가지수가 혼조 마감했다.'인공지능(AI) 거품론'이 여전히 불안 요소로 작용한 가운데 역대 최저 수준인 소비심리가 장 초반 투매를 촉발했다. 하지만 오후 민주당이 임시 예산안의 타협안을 제시하면서 낙폭을 상당 부분 만회했다. 미국 연방 정부의 셧다운(일시 업무 정지)이 해제될 것이라는 기대감이 부각된 것이다.7일(현지시간) 뉴욕증권거래소(NYSE)에서 다우존스30산업평균지수는 전장보다 74.8포인트(0.16%) 오른 4만6987.1에 거래를 마감했다. 스탠더드앤드푸어스(S&P) 500지수는 전장보다 8.48포인트(0.13%) 상승한 6728.80, 나스닥종합지수는 49.46포인트(0.21%) 내린 2만3004.54에 장을 마쳤다.이날도 뉴욕 증시는 급변동성 장세를 연출했다.오픈AI가 인프라 설비투자에 정부 보증을 바라고 있다는 논란이 불거지면서 불안감이 확산했다. 오픈AI가 현금흐름에 문제가 없다면 정부 보증을 거론하는 일조차 없었을 것이라는 의구심이다.AI 및 반도체 관련주로 구성된 필라델피아 반도체지수는 장중 4.7%까지 낙폭을 벌렸다. AI 산업의 총아 엔비디아는 -4.88%, 브로드컴은 -5.15%까지 낙폭을 확대하기도 했다.기술주 위주의 나스닥 지수도 급락 흐름을 비껴가지 못했다. 장중 -2.13%까지 떨어졌고 강보합을 기록하던 애플을 제외하면 시가총액 1조달러 이상의 거대 기술기업은 모두 하락세였다.소비심리 둔화도 주가지수에 하방 압력을 가했다.미시간대에 따르면 11월 소비자심리지수 예비치는 50.3으로 집계됐다.10월의 53.6에서 3.3포인트 하락한 수치로 2022년 6월 50 이후 최저치였다. 50은 역대 최저치로 11월 수치는 역사적 저점 부근에 있다는 것을 시사했다.하지만 오후 들어 민주당이 임시 예산안 타협안을 공화당에 제안했다는 소식이 나오면서 주가지수는 빠르게 낙폭을 줄였고 S&P500 지수와 다우 지수는 결국 상승으로 전환했다.민주당은 임시 예산안의 핵심 쟁점이던 오바마케어(ACA) 보조금을 1년만 연장하고 위원회를 설치해 장기적인 개혁은 추후 논의하자고 제안했다. 공화당이 해당 제안을 거절하면서 순간 투심이 움츠러들기도 했으나 증시는 상방으로 방향을 뚜렷하게 잡았다.중간 선거에서 민주당이 모두 승리한 데다 연말 소비 대목을 앞두고 공화당도 시간을 끌기 힘들 것이라는 계산이다.백악관 관계자는 정부가 일단 열린 뒤 해당 안건에 대해 민주당과 논의할 것이라고 말한 것으로 전해졌다."
역대 최장 美셧다운 해제되나…뉴욕증시 혼조[월스트리트in],"다우·S&P 0.1%대↑…나스닥 0.2%↓AI 거품론에 소비심리 악화로 장 초반 하락민주당 예산안 협상안 제시하자 낙폭 만회[이데일리 김겨레 기자] 뉴욕증시가 7일(현지시간) 혼조로 마감했다. 인공지능(AI) 거품론이 일부 진정된 가운데, 시장은 38일째로 역대 최장 기간 이어지고 있는 연방정부 셧다운(일시적 업무 중지)가 해제될 가능성에 주목했다. 



7일(현지시간) 미국 뉴욕증권거래소(NYSE)에서 트레이더가 거래하고 있다. (사진=AFP)이날 뉴욕증권거래소(NYSE)에서 다우존스30산업평균지수는 전장보다 74.80포인트(0.16%) 오른 4만6987.10에 거래를 마감했다. 스탠더드앤드푸어스(S&P) 500지수는 전장보다 8.48포인트(0.13%) 상승한 6728.80, 나스닥종합지수는 49.46포인트(0.21%) 내린 2만3004.54에 장을 마쳤다.美민주당, 예산안 협상안 제시…‘38일째’ 셧다운 돌파구 될까장 초반 시장은 AI 거품 우려에 역대 최저 수준의 소비 심리 지표가 나오면서 하락했다. 다만 민주당이 임시 예산안의 타협안을 제시하면서 셧다운이 해제될 수도 있다는 기대감에 오후 들어 주가는 낙폭을 빠르게 회복, S&P500 지수와 다우 지수는 상승 전환했다.민주당은 임시 예산안의 핵심 쟁점이던 오바마케어(ACA) 보조금을 1년만 연장하고 위원회를 설치해 장기적인 개혁은 추후 논의하자고 제안했다. 민주당이 그간 오바마케어 보조금을 이번 예산안에 포함해 논의해야 한다는 기존 입장에서 한발 물러선 것이다. 척 슈머 민주당 상원 원내대표는 “우리는 셧다운 기간 동안 의료보험을 협상하지 않게 되며, 이는 존 튠 공화당 원내대표가 주장해온 바와 같다. 이것은 몇 시간 안에 예산안이 상원을 통과할 수 있는 간단한 타협안”이라며 “미국 국민들은 원하는 세액공제 연장 혜택을 얻게 될 것”이라고 말했다. 이에 튠 공화당 상원 원내대표는 “실현이 불가능한 제안”이라면서도 “진전을 보이고 있다”고 말했다. 시장은 민주당과 공화당이 예산안을 수정할 가능성에 대한 논의를 주고 받았다는 사실 자체에 주목했다. 미 셧다운으로 항공편 운항에 차질을 빚고 있는 항공사들의 주가도 일제히 상승했다. 아메리칸항공은 3.8%, 델타항공은 1.9%, 사우스웨스트항공은 3%, 유나이티드항공홀딩스는 1.8% 올랐다. 익스피디아는 견조한 여행 예약 실적이 호재로 겹쳐 17.6% 급등했다. 다만 기술주는 테슬라가 3.68% 급락하는 등 약세를 보였다. 전날 일론 머스크 테슬라 최고경영자(CEO)에 대한 1조달러(약 1450조원) 규모의 보상안이 주주총회를 통과한 여파로 해석된다. 애플은 0.4%, 알파벳은 1.98% 내렸다. 엔비디아는 0.04% 올라 강보합 마감했다. 팔란티어는 나흘 연속 하락세를 멈추고 이날 1.65% 반등에 성공했다. 美 소비자심리 3년여 만에 최저…정부 셧다운·물가 부담 겹쳐미시간대학교가 7일(현지시간) 발표한 11월 소비자태도지수 예비치는 50.3으로, 전달(53.6)보다 하락해 2022년 6월 이후 최저 수준을 기록했다. 블룸버그가 집계한 전문가 전망치 중 대부분을 밑도는 결과다.현재 경제 상황을 묻는 세부 지수는 6.3포인트 급락한 52.3으로 사상 최저치를 보였다. 보고서는 정부 셧다운 장기화에 따른 경제적 불확실성이 가계 전반에 영향을 미친 것으로 분석했다. 연령, 소득, 정치성향 등에 관계없이 심리 악화가 전 계층에 걸쳐 나타났다는 점도 확인됐다.단기적으로 물가가 오를 것이란 응답은 다소 늘었으나, 5~10년 뒤 물가상승률 전망은 연 3.6%로 3개월 만에 가장 낮아졌다.조앤 쉬 미시간대 조사 책임자는 “가계는 여러 방향에서 재정적 압박을 느끼고 있다”며 “앞으로 노동시장이 추가로 둔화되고 자신에게도 부정적 영향이 미칠 것이라고 예상하고 있다”고 말했다.개인 재정 상태에 대한 평가 역시 6년 만에 가장 낮았으며, 가전·자동차 등 내구재 구매 여건은 2022년 중반 이후 최악으로 나타났다. 향후 실업률이 높아질 것이라고 답한 비율은 71%로, 1년 전의 두 배 수준이다.10년물 금리 강보합…국제유가, 나흘 만에 반등미국 국채금리는 단기물 중심으로 소폭 하락했다. 글로벌 국채 벤치마크 금리인 10년물 국채금리는 4.095%로 강보합 마감했다. 연방준비제도(Fed)의 통화정책에 민감한 미국 2년물 국채금리는 0.17% 내린 3.560%에 거래를 마쳤다. 주요 6개 통화에 대한 달러 가치를 반영하는 달러 인덱스(지수)는 99.056으로 0.17% 하락했다.국제유가도 반등했다. 뉴욕상업거래소에서 12월 인도분 서부텍사스산원유(WTI)는 전거래일대비 전 거래일 대비 0.32달러(0.54%) 오른 배럴당 59.75달러에 마감했다. 런던 ICE선물거래소에서 1월물 브렌트유는 0.25달러(0.39%) 상승한 배럴당 63.63달러로 집계됐다."
엔씨소프트·롯데웰푸드·RFHIC[하나證 주간추천주],"[이데일리 신하연 기자] △엔씨소프트(036570)-11월 19일 핵심 기대작 ‘아이온2 한국·대만 출시. 글로벌은 2026년 하반기 출시 예정-2026년 신작 3종과 IP 스핀오프 4종 순차적으로 출시 예정△롯데웰푸드(280360)-작년 하반기부터 이어졌던 실적 부진은 3분기를 기점으로 마무리 될 것으로 판단-4분기부터 기저효과 및 원가 부담 완화 등 기인해 유의미한 실적 개선 전망△RFHIC(218410)-11월 FCC(연방무선위원회)에서 어퍼 C 밴드 주파수 경매 논의 예정-역사적 Multiple 추이, 현재 통신 장비 업황을 감안하면 현재 PBR/PER이 너무 낮은 수준"
2만원 넘보던 주식이 어쩌다…4000원대 폭락에 개미 '피눈물' [윤현주의 主食이 주식],"올 3월 상장한 대진첨단소재전고점 대비 주가 77% 폭락상장 반년 만에 158억 CB 발행2분기엔 49억 ‘적자 눈물’“투자자 입장서 기업 신뢰 의문”



Getty Images Bank.상장할 때만 해도 분위기 좋았는데….코스닥시장 상장사 대진첨단소재에 투자한 개인투자자(개미)들이 ‘피눈물’을 흘리고 있다. 8일 한국거래소에 따르면 주가는 4360원으로 상장 8개월여 만에 전고점(3월 6일 1만9390원) 대비 77.51% 폭락했다. 대주주를 둘러싼 잇단 논란과 실적 악화에 시가총액(646억원)이 갈수록 쪼그라들고 있다.이 회사는 2차전지 공정 내 대전장지(정전기가 발생하거나 축적되는 것을 막는 것) 트레이, 대전방지 코팅액 및 폴리에스터(PET) 이형필름 등을 제조 및 판매한다. 자동차 내장재용 플라스틱 부품, 안전플라스틱 등 자동차 내부에 들어가는 플라스틱 제품과 일반 가전제품용 플라스틱 부품도 공급하고 있다. 매출 비중(2024년 3분기 기준)으로 따지면 2차전지 공정용 71%, 자동차 부품 15%, 기타 산업용 14% 순이다. 2차전지 공정용 고객사로는 LG에너지솔루션 및 얼티엄셀즈(GM-LG에너지솔루션 합작사), 자동차 부품용 고객사는 현대차그룹과 포드 및 글로벌 전기차 업체가 있는 것으로 파악된다. 기타 고객사는 지멘스, 다이슨이 꼽힌다. 



2차전지용 패키징 소재 사업 내용. 대진첨단소재 홈페이지 캡처. 청약 증거금 4조 넘게 모은 대진첨단소재 굴욕지난 3월 6일 상장했는데 분위기는 좋았다. 일반투자자 대상 공모주 청약 경쟁률은 1241.45 대 1로 높았고 청약 증거금만 4조1899억원이 모였다. 앞선 기관투자가 대상 수요예측에선 국내·외 1796곳이 참여해 577 대 1의 경쟁률을 기록했다. 공모가는 희망 범위(1만900~1만3000원) 하단에 못 미치는 9000원으로 확정됐다. 동종업계 기업으로는 탑머티리얼과 더블유씨피가 꼽힌다. 상장을 주관했던 미래에셋증권은 “대진첨단소재는 전기차 캐즘(일시적 수요 둔화) 환경 속에서도 꾸준히 성장을 지속해 온 우량 기업”이라며 “인플레이션 감축법(IRA) 시행에 따른 미국 내 2차전지 산업 성장 기회 속에서 글로벌 시장 확대를 추진하고 있어 투자자들의 높은 관심을 받은 것 같다”고 평가하기도 했다. IPO를 통해 확보한 공모자금은 글로벌 생산 거점 확대와 첨단 소재 연구개발(R&D)에 집중적으로 투자한다는 방침이었다. 특히 미국, 폴란드, 필리핀 등 해외법인 생산 역량을 강화해 글로벌 점유율을 높이고 에너지저장장치(ESS), 드론, 로봇 등 다양한 산업 분야에 적용할 계획인 것으로 알려졌다. 이로 인해 상장일 시가는 공모가의 2배가량인 1만7830원에 출발했다. 장중 고가인 1만9390원을 찍고 1만2110원에 종가 마감한다. 이날 거래량은 총 주식 수(1482만4820주)의 세 배인 4200만주가 터졌다. 3월 한 달 간은 2만원 목전에서 주가 상승을 노렸지만 주가 내리막길을 걸으며 8개월여 만에 4360원까지 떨어졌다. 상장 후 최저가다.  상장 5개월여 만에 158억 CB 발행 … 주가는 77% 폭락



대진첨단소재 주가 주봉 그래프 캡처.이같은 주가 하락 배경엔 실적 악화가 첫째로 꼽힌다. 1분기 영업이익 14억원을 거두다가 2분기 49억원의 적자가 났다. 2020년 매출 135억원, 영업이익 18억원에서 작년 매출 890억원, 영업이익 60억원을 거뒀지만 갑작스러운 부진이 발목을 잡은 것이다. 유진투자증권, 키움증권, NH투자증권이 올초 작성한 보고서에선 올해 매출 1500억원, 영업이익 150억원을 제시했지만 2분기 적자로 가능성이 낮아졌다. 실제 상반기 매출 325억원, 영업손실 35억원으로 연간 적자를 피해야 하는 수준에 놓였다. 2분기 기준 현금성 자산 16억원, 유형자산 806억원을 보유하고 있다. 유동부채는 771억원으로 부채비율이 135.72%다. 상장 시 동종그룹으로 묶인 더블유씨피 (부채비율)109.54%, 탑머티리얼 45.67%라 200%를 넘지 않기 위한 노력이 필요해 보인다. 중요한 건 상장 5개월여 만에 대규모 전환사채(CB)를 발행한 점이다. 금융감독원 전자공시시스템에 따르면 8·9회차 CB 발행(8회 65억원·9회 93억원)으로 총 158억원을 조달했다. 상장 전 발행된 CB와 재무적투자자 미소화 물량이 남아 있어 전환권 행사 시 오버행(잠재적 매도물량) 우려가 있다. 일각에서는 상장 1년도 안 됐는데 대규모 자금조달에 대해 의문점을 갖기도 한다. 한 대형 증권사 관계자는 “CB 표면은 (금리)0프로지만 만기이자율이 5.5%에 (만기)3년짜리라 일반적인 발행 형태는 아닌 것 같다”고 평가했다. 이어 “개인 투자자 입장에선 공모자금이 있는데 대진첨단소재가 또 시장에 손을 벌린 격이다”며 “명분과 이유가 명확한지 잘 살펴보고 주주가치 희석으로 피해를 보는 건 결국 개인이다”고 안타까워했다.    또 하나는 복잡한 지배구조 영향이다. 최대주주인 유성준 전 대표이사가 개인 회사인 에이치에스홀딩스(유 전 대표 지분율 51%)를 통해 케이이엠텍을 지배하는 가운데, 지난 8월 케이이엠텍 3자배정 유상증자에 대진첨단소재가 참여해 지분율 6.21%를 확보하며 주요 주주로 올라섰기 때문이다. 케이이엠텍은 각형·원형 배터리 부품 전문 기업이다. 



대진첨단소재 전기차 부품 소재 사업 현황 캡처.에이치에스홀딩스는 영업활동이 확인되지 않아 페이퍼컴퍼니 의혹이 불거지고 있다. 특히 158억원 CB 발행 때 80억원은 채무 상환, 나머지는 케이이엠텍 유상증자에 자금이 투입돼 사실상 계열사 지원 아니냐는 의혹이 제기됐다. 당시 대진첨단소재는 “특정 회사 지원 목적이 아닌 신규 성장동력 확보와 핵심 공급망 강화를 위한 전략적 투자”라고 해명하기도 했다. 또한 “에너지저장장치(ESS) 핵심 공급망 강화와 신사업 기회 확보를 위한 결정이었고 당사의 소재 기술과 시너지를 낼 수 있는 중요한 파트너로서 지분 참여를 통해 안정적인 공급망을 구축하겠다”고 강조하기도 했다. 다만 증권사 보고서는 지난 6월 이후 나온 게 없다. 한편 대진첨단소재는 유 전 대표가 일신상의 사유로 사임하고 지난달 17일 김기범 신임 대표가 선임됐다. 대주주의 잇단 논란과 주가 급락으로 분위기 쇄신이란 해석이 존재한다. 최근 주가 급락 배경엔 검찰이 진행한 기술 유출 사건과도 연관이 있는 것으로 알려졌다. 이 회사는 7일 입장문을 발표했다. 전(前) 대표의 사건을 이유로 법인까지 불구속 기소한 것과 관련해 “아무런 관련이 없는 회사를 범죄 연루 기업처럼 몰아간 것은 명백한 과잉 수사이자 부당한 처분이다”고 유감을 표명했다.  또 “검찰이 문제 삼은 기술은 당사가 현재 생산·보유 중인 기술과 어떠한 연관성도 없다”며 “단순히 대주주 지분 관계만을 근거로 사건과 무관한 회사를 기소하는 것은 법리적으로도 납득할 수 없다”고 비판했다. 법조계 “상장 1년도 안 돼 대규모 CB, 기업 신뢰 의문” 홍석현 법무법인 주원 변호사는 “상장한 지 1년도 안 된 기업이 공모자금을 확보한 직후 대규모 전환사채를 추가로 발행하거나 유상증자 참여 등 계열사 지원성 투자를 단행한다면 시장과 투자자 입장에선 기업 신뢰에 의문을 가질 수 있다”고 지적했다. 이어 “공모 단계에서 밝힌 성장 계획과 실제 자금 운용 방향이 달라진다면, 투자자 입장에서는 ‘상장 당시 정보에 근거한 신뢰’가 훼손될 수 있다”며 “비록 현행법상 명백한 위법은 아닐 수 있으나 신뢰 침해는 주가보다 더 큰 타격을 남길 수 있다”고 덧붙였다. 또 “상장 초기 기업일수록 공시 투명성과 자금 운용의 정당성을 입증해야 하며 만약 이런 부분이 불투명하게 운영된다면 금융당국의 조사나 주주 대표 소송으로까지 이어질 가능성도 배제할 수 없다”고 조언했다.독립리서치를 운영하는 이재모 아리스 대표는 8일 기자와의 통화에서 “상장사 분석 요소 중 가장 중요한 게 최대주주 또는 대표이사다”며 “여전히 국내 스몰캡(시가총액 1000억원 미만 기업)은 최대주주와 대표이사의 영향력이 경영 성과에 큰 영향을 미치기에 투자자들은 재무적 분석보다 이걸 먼저 따져야 한다”고 조언했다. 이어 “현실적으로 개인들이 대표이사에 대한 분석이 쉽지 않다”며 “여차할 경우 최대주주나 대표의 경영이념이 썩 좋지 않다고 판단되면 아예 분석보다 건너뛰는 게 현명한 투자일 수 있다”고 덧붙였다. 그는 “경영진 리스크가 있는 상장사들은 투자자들이 냉정함을 갖고 멀리하는 게 좋다”고 강조했다. 



'1500만 개미'와 함께 달리겠습니다. 여러분의 주식 계좌가 빨간불이 되는 그날까지 재미있는 기사 많이 쓰겠습니다. 아래 기자 페이지에서 윤현주 기자 구독과 응원(매일 가능)을 눌러 주시면 기사를 매번 빠르게 확인하실 수 있습니다.윤현주 기자 hyunju@hankyung.com"
"4200→3900 널뛰는 코스피…‘매도 폭탄’ 외국인 vs ‘야수의 심장’ 불개미, 승자는? [투자360]","코스피 일주일 간 -6.35% 낙폭나스닥·S&P500·닛케이·CSI보다 ↑5거래일연속 개인 ‘사자’·외인 ‘팔자’외인 7조 팔 동안 개인 투자자 9조 샀다



[게티이미지뱅크][헤럴드경제=유동현] 코스피가 일주일 동안 4200선을 돌파한 뒤 3900선까지 밀려나는 혼돈의 장세를 겪었다. 인공지능(AI) 거품 논란이 다시 불거지고 미국 금리인하 경로 혼돈, 미 고용시장 둔화 우려 등 잇단 글로벌 불확실 요인들이 맞물리면서다. 코스피가 흔들렸던 시기 개인은 증시 상승을 기대하며 연일 순매수세를 기록했지만 외국인은 차익실현 매물을 쏟아냈다.8일 한국거래소에 따르면 코스피는 최근 일주일(3~7일) 간 –6.35%(268.11포인트) 낙폭을 기록했다. 지난 3일 4221.87로 장을 마감하며 역대 최고가를 기록했지만 7일 3953.76로 마감했다. 직전 일주일(10월27~31일) 기록한 1.6% 낙폭보다 4배 증가한 널뛰기 장세였다. 미국 나스닥(-3.71%)과 스탠더드앤푸어스(S&P)500(-2.31%), 일본 닛케이(-2.54%), 중국 CSI300(0.97%)보다 변동성도 컸다.주요국 대비 오름폭이 컸던 코스피는 불확실성 요인을 마주하자 매도세가 거셌다. 시가총액 상위 종목 중 ▷삼성전자(–8.93%) ▷두산에너빌리티(–12.18%) ▷한화오션(-7.85%) ▷현대차(-8.97%) ▷HD한국조선해양(-12.34%) 등이 하락했다.특히 외국인 투자자들은 5거래일 연속 매도 우위를 나타내며 코스피에서 총 7조1680억원을 팔아치웠다. 기관 투자자들은 같은 기간 1조6493억원을 순매도했다.반면, 개인투자자들은 이 기간 내내 순매수하며 총 9조1403억원어치를 사들였다.구체적으로 외국인은 이 기간 코스피를 견인한 SK하이닉스(-3조7151억원)와 삼성전자(-1조5028억원) 팔아치웠다. SK하이닉스가 62만원을 기록하며 60만원대 구간에 머물자 연일 순매도하며 차익실현을 이어갔다. 삼성전자는 지난 3~6일 간 내내 팔아치우다가 7일 순매수(2565억원)를 기록했다. 삼성전자가 11만원을 넘어선 뒤 하락 전환하자 순매도했지만, 보름 만에 9만7000원대로 내려앉자 매수 우위로 돌아섰다. 이어 ▷두산에너빌리티(-4372억원) ▷NAVER(-2982억원) ▷한화오션(-1901억원) 순으로 팔아치웠다. 외국인은 두산에너빌리티와 한와오션을 5거래일 내내 순매도했다.반면 ▷LG씨엔에스(1937억원) ▷SK스퀘어(1791억원) ▷LG이노텍(689억원) ▷이수페타시스(486억원) ▷하이브(481억원) 순으로 가장 많이 순매수했다. LG씨엔에스는 이 기간 주가(종가 기준)가 7만원에서 5만5400원까지 하락, -20.86%를 기록했다. 이수페타시스는 같은 기간 -8.69%, 하이브는 -12.84% 하락했다. SK스퀘어와 LG이노텍은 각각 7.51%, 3.89% 올랐다.개인투자자는 ▷SK하이닉스(2조4475억원) ▷삼성전자(1조5005억원) ▷두산에너빌리티(6010억원) ▷NAVER(4582억원) ▷LG씨엔에스(2466억원) 순으로 순매수했다. 개인은 지난 3일 SK하이닉스를 순매도(-876억원) 한 뒤 60만원선이 붕괴되자 4거래일 연속 사들였다. 삼성전자는 11만원을 넘어선 3일부터 하락세를 이어간 6일까지 내내 순매수했지만 9만7000원선으로 내려앉은 7일(-633억원) 매도 우위로 전환했다. 두산에너빌리티는 일주일 간 -12.96% 하락했지만 개인은 매일 순매수세를 이어갔다. 반면 ▷삼성전자 우선주(-1316억원) ▷LG이노텍(-883억원) ▷하나금융지주(-841억원) ▷아모레퍼시픽(-611억원) ▷KB금융(-528억원) 순으로 팔아치웠다.기관은 ▷SK하이닉스(1조986억원) ▷KB금융(1906억원) ▷삼성전자 우선주(793억원) ▷카카오(666억원) ▷HD한국조선해양(663억원) 순으로 사들였다. SK하이닉스와 KB금융, 삼성전자 우선주는 5거래일 내내 순매수했다. HD한국조선해양은 주가가 이 기간 12% 넘게 하락했지만 지난 5일을 제외한 4거래일 내내 순매수세였다. 카카오는 지난 3~6일 간 순매도세였지만 7일(789억원) 순매수세를 기록했다. 반면 ▷두산에너빌리티(-1740억원) ▷SK스퀘어(-1727억원) ▷NAVER(-1381억원) ▷삼성SDI(-1134억원) ▷LG씨엔에스(-1054억원) 순으로 순매도했다."
"""정말 나만 빼고 다 샀네""…20~60대 '주식 고수'들 똑같이 다 담은 '이 주식'","키움증권 제공[서울경제] 최근 몇 일간 증시가 급등락을 반복하는 변동성 장세 속에서도, 세대별 ‘투자 고수’들이 선택한 핵심 종목은 동일하다는 통계가 나왔다.7일 키움증권 ‘고수의 주식 보유 순위’ 데이터에 따르면 수익률 상위 투자자(20대~60대)의 TOP4 보유 종목이 동일한 것으로 나타났다. 즉, 20대·30대·40대·60대 고수 투자자들은 공통적으로 동일 4개 종목에서 높은 수익을 견인하고 있다는 의미다.전 세대에서 1위는 삼성전자였다. 2위 SK하이닉스, 3위 삼성전자우, 4위 두산에너빌리티가 뒤를 이었다.5위 종목만 일부 차이가 있었는데, 20대는 미국 S&P500 ETF를 5위 종목으로 올려놓은 반면 다른 세대는 네이버가 5위를 차지했다.흥미로운 것은 불과 사흘 전까지만 해도 TOP5 구성이 전 세대 동일하게 나타났다는 점이다. 이에 투자자 커뮤니티에서는 “국민 종목은 결국 다 같이 가는 종목이다”, “대형주는 결국 베이스로 깔고 가는 게 맞다”, ""저게 올랐으니까 들고 있는 사람이 고수익인 거 아닌가""와 같은 반응이 이어지고 있다.키움증권에 따르면 해당 랭킹 서비스는 수익률 상위 ‘고수’ 2만 5000명 계좌 데이터를 기반으로 산출된다. ‘고수’ 기준은 종목별 보유계좌 10계좌 이상이며, 수익률은 유관기관 및 수수료 제외·보유잔고 기준 현재가로 계산된다. 매매정보는 직전 3개월 데이터를 사용한다.키움증권 관계자는 본지에 “초보 투자자도 가볍고 재미있게 투자 데이터를 참고할 수 있도록 재밌고 친숙하게 구성한 콘텐츠”라며 “지난 1월 앱 개선 과정에서 간편모드 도입과 함께 편하게 볼 수 있도록 기획된 서비스”라고 설명했다.한편 한국소비자원이 지난 8월 발표한 증권사 앱 만족도 비교조사에서도 모바일 UX가 증권사 앱을 선택하는 데 1위 요소로 확인됐다. 조사 결과, 최근 6개월 내 국내·해외 주식 투자 경험이 있는 소비자 2100명을 대상으로 한 설문에서 앱 선택 요인의 1순위는 ‘앱 편의성 및 디자인’이었다. 2025년 11월08일(토) 증권면 언박싱 [ON AIR 서울경제] 은행 21조 대이탈·오픈AI 보증거부·AI유니콘 상장 [AI PRISM x D•LOG] 업스테이지 2조 상장, 머스크 1400조 보상 확정 [AI PRISM x D•LOG]"
"구리·전력·반도체 모두 최고가…""지금은 사이클 분리 대응이 핵심"" [박문환 시선집중]","하나증권 박문환 이사(와우넷 파트너)는 최근 국내 증시 급등 흐름에 대해 “지수는 4,100포인트를 돌파했지만, 경제 펀더멘털이 개선돼 오른 장세가 아니다”라며 “10월 랠리의 실질 주도권은 반도체이자, 향후 지수 방향성 역시 반도체가 결정할 것”이라고 진단했다.박 이사는 올해 코스피의 이익 수정 비율이 마이너스(-)임에도 주가가 급등한 점에 주목했다. 그는 “올해·내년 실적 전망 모두 부진한 상황에서 지수가 오른 이유는 극소수 초대형 반도체 기업의 실적 상향이 지수를 끌어올렸기 때문”이라며 “9월 이후 반도체 선행 EPS가 41%나 상향된 것은 전례를 찾기 어려운 속도”라고 분석했다.밸류에이션 측면에서도 추가 여지가 있다는 평가다. 박 이사는 “10월 말 기준 코스피 PER이 11.5배로 평균 수준에 위치해 있다”며 “유동성 상황을 감안하면 12배(약 4,250포인트)까지는 상승 여력이 존재한다”고 설명했다. 다만 단기 급등에 따른 조정 가능성은 열어두되, “반도체는 내년에도 이익 개선이 이어질 가능성이 높아, 조정 구간은 오히려 매수 기회”라고 강조했다.전력 인프라 업종에 대해서는 “현재 P·Q가 동시에 증가하는 전성기 구간”이라고 평가했다. 박 이사는 미국 에너지부가 데이터센터·발전소의 전력망 접속 절차를 60일 이내로 단축하는 제도를 추진하고 있는 점을 언급하며 “지금까지 AI 데이터센터의 가장 큰 병목이었던 전력 수급 문제가 해소되면, 전력 인프라 기업들의 실적은 추가 개선될 것”이라고 전망했다. 다만 그는 “반도체와 달리 전력 인프라는 이미 증설이 상당 부분 진행된 중반 사이클”이라며 “이익은 사상 최대를 찍겠지만, 주가가 공전하기 시작하는 시점에는 비중 조절이 필요하다”고 조언했다.구리 가격 강세 역시 주목할 필요가 있다고 강조했다. 박 이사는 “AI 데이터센터 건설과 초고압 송전망 확충으로 구리 수요가 폭발하고 있다”며 “주요 광산들의 생산 차질까지 겹치며 톤당 11,000달러를 재돌파했다”고 설명했다. 다만 그는 “12,000달러를 넘어서면 알루미늄으로의 대체 속도가 빨라져 단기 조정이 나올 수 있다”며 “본격적인 신규 광산 공급이 나타나는 2028년까지는 구조적 상승세가 유효하다”고 전망했다.박 이사는 마지막으로 “반도체는 상승 초입, 전력 인프라는 중반 국면, 구리는 대체재 변수가 있는 구조적 강세”라며 “각 업종의 사이클 위치를 정확히 구분해 대응해야 한다”고 조언했다.박문환 이사의 ‘스페셜 리포트’는 매월 2·4주차 금요일 자정, 한국경제TV와 와우넷 유튜브 채널을 통해 시청할 수 있다."
투자자 울리는 이차전지 루키…기술유출로 주가 '널뛰기',"대진첨단소재 상장 후 장 마감 기준 주가 추이/그래픽=김지영이차전자 저장장치(ESS) 기술유출로 구속 기소된 기업들을 중심으로 폭락장이 펼쳐지고 있다. 2차전지 관련주는 상승세를 타다가도 번번이 하락해 개미들에게 투자 손실을 안기고 있다. 8일 한국거래소에 따르면 전날 대진첨단소재는 전일대비 1140원(20.73%) 내린 4360원으로 장을 마쳤다. 대진첨단소재는 이날 장중 한 때 4300원까지 내려 52주 신저가를 기록했다. 사흘 전까지 7000원을 넘겼던 주가는 연일 폭락했다. 대진첨단소재는 올해 3월 코스닥에 입성했다. 주가는 지난 3월 10일에 상한가, 같은 달 28일에는 1만8780원까지 올랐다가 이후 가라앉았다. 현재 주가는 최고점 대비 4분의 1 수준이다.대진첨단소재는 이차전지 공정용 대전방지트레이, 대전방지코팅액, 이차전지용 PET 이형필름 등 생산기술을 보유하고 있다. 회사는 2019년부터 4년 동안 363억원을 투자받아 성장에 대한 기대감을 모았다. 코오롱인베스트먼트, SJ투자파트너스, 코너스톤투자파트너스 등이 초창기부터 투자했다. 최근 주가 폭락은 대진첨단소재가 국가기술 유출 혐의를 받기 때문이다. 수원지검 방위사업·산업기술범죄수사부(부장검사 조정호)는 지난 3일 유성준 전 대진첨단소재 대표 등 4명을 산업기술보호법 위반, 부정경쟁방지법 위반 등 혐의로 구속기소 했다고 밝혔다. 이들이 빼돌린 전기차 배터리 기술은 외부 충격에 의한 내부 손상 및 폭발 추가 확대를 방지하는 알루미늄 케이스 '캔(Can)', 온도·압력 상승 시 전류 차단이나 가스 배출로 폭발이나 화재 사고를 방지하는 뚜껑 '캡어셈블리(Cap Assembly)' 등 삼성SDI가 10여년간 수천억원을 들여 개발한 기술이다.같은 혐의로 조사 중인 코스닥 상장사 케이이엠텍 주가 역시 이날 전일 대비 83원(5.77%) 1355원에 장을 마쳤다. 장중 한 때는 1225원까지 내려 52주 신고가를 기록했다. 케이이엠텍은 보도자료를 통해 ""국가핵심기술 유출 관련 산업통상자원부의 공식 판정 결과 해당기술이 '국가핵심기술 및 첨단기술에 해당하지 않는다'는 판정을 받았다""며 혐의를 부인했다.이차전지는 2023년부터 급등한 후 폭락해 번번이 투자 손실을 안기고 있다. 이 기간 국내 투자 큰손으로 불리는 국민연금마저 이차전지에 조단위 자금이 묶인 바 있다. 2차전지 주도주 에코프로비엠은 2023년 7월 58만4000원까지 올랐지만, 현재는 15만원을 오가고 있다. 에코프로비엠은 지난 5월 이후 중국 정부가 이차전지 분야 구조조정에 나섰다는 소식을 호재로 상승했다가 이달 들어 또 급락했다."
"""100만원 간다면서요?""…외국인, 일주일간 SK하이닉스 3.7조 팔았다[종목현미경]","코스피 7.3조 판 외국인…절반 이상 SK하이닉스 집중 매도'AI고점론' 뒤엎고 내년 물량 완판…""실적 안정성 확보""



경기 이천시 SK하이닉스 본사의 모습. 2024.7.25/뉴스1 ⓒ News1 김영운 기자(서울=뉴스1) 한유주 기자 = '바이 코리아(Bye Korea)'에 나선 외국인들이 SK하이닉스(000660)를 집중 매도했다. 외국인 변심에 '60만닉스'를 처음 터치한 월요일만 해도 증권가 목표주가가 100만 원까지 오르며 승승장구할 분위기였지만, 일주일 만에 주가가 6% 넘게 떨어지며 전세가 역전됐다.8일 한국거래소에 따르면 전일 SK하이닉스는 1만3000원(2.19%) 하락한 58만원에 거래를 마쳤다.SK하이닉스 주가는 지난 일주일 사이 심하게 출렁였다. 월요일인 3일 62만 4000원까지 올라 사상 처음 '60만닉스'를 처음 찍은 뒤, 다음 날 바로 5.5% 하락했다. 5일 '검은 수요일'에는 53만 2000원까지 내려앉아 주중 최고가 대비 14.7% 급락했다.외국인은 지난 일주일(11월3일~7일)간 코스피를 7조 2810억 원어치 순매도했는데, 이중 SK하이닉스를 3조 7150억 원어치 팔았다.코스피 단기 급등 피로감이 누적된 가운데 미국 증시에서 'AI고점론'이 부각된 탓이 컸다.지난 5일 영화 '빅쇼트'의 모델로 서브프라임 모기지 사태를 예견했던 미국의 펀드매니저 마이클 버리가 엔비디아와 팰런티어 하락에 베팅하며 인공지능(AI) 고점 논란을 촉발한 것이 촉매가 됐다.미-중 갈등이 다시 부각된 점도 영향을 미쳤다. 전날에는 중국 정부가 자국 AI데이터센터에 미국칩 사용을 금지한 데 이어 미국 정부도 엔비디아의 저사양 칩마저 중국 수출을 금지했다는 소식이 전해지며 시장 불안감을 키웠다.시장의 차익실현 욕구가 커진 상태에서 올해만 주가가 200% 넘게 급등한 SK하이닉스는 좋은 먹잇감이 됐다. 외국인은 삼성전자도 팔았지만, 순매도 규모(1조 5030억 원)는 SK하이닉스의 절반에도 못 미쳤다. 외국인이 던진 SK하이닉스 물량은 개인(2조4480억 원)과 기관(1조 990억 원)이 받았다.불확실성은 커졌지만 시장 전망은 여전히 밝다. 'AI고점론'보다는 'AI슈퍼사이클'이 이제 초입에 불과하다는 전망이 우세하다. SK하이닉스는 HBM·D램·낸드 등 전 제품의 내년 물량을 '완판'했다며 메모리 시장의 초과수요 분위기를 전했다.증권가도 SK하이닉스 목표주가를 줄줄이 올렸다. SK증권이 실적 안정성에 근거해 평가 기준을 주가수익비율(PER)로 바꾸며 목표주가를 100만원으로 제시했고, 교보증권이 90만원까지 상향했다.최보영 교보증권 연구원은 ""판매할 재고가 없을 정도인 공급제약하에서 확정된 물량으로 고객사 내 지위가 유지돼 있어 2027년까지 실적 가시성을 확보했다고 본다""며 ""선주문-후판매 변화를 통한 현금확보와 향후 주주환원 강화로 재평가(리레이팅) 가능성이 높다고 판단한다""고 분석했다."
"뉴욕증시, 투심 녹인 셧다운 타협안…혼조 마감","https://tv.naver.com/h/87756657(뉴욕=연합뉴스) 진정호 연합인포맥스 특파원 = 뉴욕증시의 3대 주가지수가 혼조로 마감했다.    '인공지능(AI) 거품론'이 여전히 불안 요소로 작용한 가운데 역대 최저 수준인 소비심리도 장 초반 투매를 촉발했다.    다만 오후 들어 민주당이 임시 예산안의 타협안을 제시하면서 오후 들어 낙폭이 상당 부분 회복됐다. 미국 연방 정부의 셧다운(일시 업무 정지)이 해제될 것이라는 기대감이 매수 심리를 자극한 것이다.



뉴욕증권거래소[연합뉴스 자료사진]    7일(미국 동부시간) 뉴욕증권거래소(NYSE)에서 장 마감 무렵 다우존스30산업평균지수는 전장보다 74.80포인트(0.16%) 오른 46,987.10에 거래를 마감했다.    스탠더드앤드푸어스(S&P) 500지수는 전장보다 8.48포인트(0.13%) 상승한 6,728.80, 나스닥종합지수는 49.46포인트(0.21%) 내린 23,004.54에 장을 마쳤다.    이날도 뉴욕 증시는 급변동성 장세를 연출했다.    장 초반엔 AI 및 반도체 관련 주 위주로 투매가 이어졌다. 오픈AI가 인프라 설비투자에 정부 보증을 바라고 있다는 논란이 불거지면서 불안감이 확산했다. 오픈AI가 현금흐름에 문제가 없다면 정부 보증을 거론하는 일조차 없었을 것이라는 의구심이다.    AI 및 반도체 관련주로 구성된 필라델피아 반도체지수는 장 중 4.70%까지 낙폭을 벌렸다. AI 산업의 총아 엔비디아는 -4.88%, 브로드컴은 -5.15%까지 낙폭을 확대하기도 했다.    기술주 위주의 나스닥 지수도 급락 흐름을 비껴가지 못했다. 장 중 -2.13%까지 떨어졌고 강보합을 기록하던 애플을 제외하면 시가총액 1조달러 이상의 거대 기술기업은 모두 하락세였다.    소비심리 둔화도 주가지수에 하방 압력을 가했다.     미시간대에 따르면 11월 소비자심리지수 예비치는 50.3으로 집계됐다. 10월의 53.6에서 3.3포인트 하락한 수치로 2022년 6월 50.0 이후 최저치였다. 50.0은 역대 최저치로 11월 수치는 역사적 저점 부근에 있다는 것을 시사했다.    하지만 오후 들어 민주당이 임시 예산안 타협안을 공화당에 제안했다는 소식이 나오면서 주가지수는 빠르게 낙폭을 줄였고 S&P500 지수와 다우 지수는 결국 상승으로 전환했다.    민주당은 임시 예산안의 핵심 쟁점이던 오바마케어(ACA) 보조금을 1년만 연장하고 위원회를 설치해 장기적인 개혁은 추후 논의하자고 제안했다. 기존 입장은 보조금을 장기 유지하자는 것이었다.    공화당이 해당 제안을 거절하면서 순간 투심이 움츠러들기도 했으나 증시는 상방으로 방향을 뚜렷하게 잡았다. 중간 선거에서 민주당이 모두 승리한 데다 연말 소비 대목을 앞두고 공화당도 시간을 끌기 힘들 것이라는 계산이다.    백악관 관계자는 정부가 일단 열린 뒤 해당 안건에 대해 민주당과 논의할 것이라고 말한 것으로 전해졌다.    업종별로는 통신서비스와 기술이 약세를 보였다. 필수소비재와 부동산, 유틸리티, 소재, 에너지는 1% 넘게 올랐다.    기술주가 하방 압력을 받는 동안 우량주와 산업주가 증시를 지탱했다.    코카콜라는 2% 넘게 올랐고 셰브런 등도 1% 이상 상승했다.    5% 넘게 밀리던 엔비디아는 강보합으로 마쳤고 아마존과 메타도 상승했다.    시카고상품거래소(CME) 페드워치툴에 따르면 연방기금금리 선물시장에서 12월에 기준금리가 동결될 확률은 33.4%로 반영됐다. 전날 마감 무렵의 30.4%보다 올랐다.    시카고옵션거래소(CBOE) 변동성 지수(VIX)는 전장 대비 0.42포인트(2.15%) 내린 19.08을 가리켰다.    jhjin@yna.co.kr"
“머스크 임금안 통과 테슬라 3.68% 급락”…뉴욕 증시 혼조세,"뉴욕증시의 3대 주가지수가 혼조세를 보였다.인공지능(AI) 거품론이 여전히 불안 요소로 작용한 가운데 역대 최저 수준인 소비심리도 장 초반 투매를 촉발했다. 다만 오후 들어 민주당이 임시 예산안의 타협안을 제시하면서 오후 들어 낙폭이 상당 부분 회복됐다.7일(미국 동부시간) 뉴욕증권거래소(NYSE)에서 장 마감 무렵 다우존스30산업평균지수는 전장보다 74.80포인트(0.16%) 오른 4만6987.10에 거래를 끝냈다.스탠더드앤드푸어스(S&P) 500지수는 전장보다 8.48포인트(0.13%) 상승한 6728.80, 나스닥종합지수는 49.46포인트(0.21%) 내린 23,004.54에 마감됐다.7대 기술주는 테슬라 3.68% 급락하는 등 대부분 급락했다.종목별로 전기차는 리비안이 소폭(0.07%) 상승했으나 테슬라가 3.68%, 루시드가 3.79% 각각 하락했다.반도체주는 엔비디아가 0.04% 상승했으나 다른 반도체주가 대부분 하락, 반도체지수는 1.01% 떨어졌다."
자사주 소각 의무화 걱정에 팔고 보자… 처분 3배 넘게 늘어,"3차 상법 개정안 연내 추진 가능성금융당국, 공시 규정 강화하자 우회도        자사주 소각을 의무화하는 내용을 골자로 한 3차 상법 개정안을 여권(與圈)이 연내 추진할 가능성이 커지면서, 상장사들이 미리 자사주 처분에 나선 것으로 나타났다.8일 한국거래소 기업공시채널(KIND)에 따르면 최근 6개월(5월 7일~11월 7일) 자사주 처분 신고가 41건으로 집계됐다. 지난해 동기 12건 대비 3배 넘게 늘었다.



일러스트=챗GPT        자사주 처분이 급증한 가장 큰 이유로 정부와 더불어민주당이 추진하는 3차 상법 개정안이 꼽힌다. 자사주 소각을 의무화하는 내용이 담길 예정인데, 상장사들이 법 시행으로 선택지가 줄어들기 전에 처분에 나선 것으로 보인다.자사주를 활용한 교환사채(EB) 발행이 가장 흔하다. 교환사채 발행 신고 건수는 6월 5건, 7월 4건, 8월 8건 등에서 9월 36건으로 급증했다. 의결권이 없는 자사주를 소각하는 대신 교환사채로 발행해 우호 세력에 넘기면 의결권이 살아나 경영권 방어 용도로 활용할 수 있기 때문이다.다만 금융당국이 자사주를 활용한 교환사채 발행에 제동을 걸면서 교환사채 발행도 지난달 20일부터 이달 7일까지 8건으로 줄었다.상장사들은 우회로를 찾고 있다. 그린생명과학은 ‘기업 운영자금 확보’를 위해 자사주 45만주를 시간 외 대량 매매(블록딜) 방식으로 처분하고 나섰다. 후성과 퍼스텍은 모회사인 후성홀딩스에 자사주를 매각했다.최근 자사주 처분을 결정한 기업의 관계자는 “연말에 시행될 규제를 우려한 측면이 없지 않았다”며 “자사주를 장기 보유하면 무조건 소각해야 하는 상황에 놓일 수 있다”고 말했다.3차 상법 개정안에 맞춰 자사주 소각이 이뤄질 것으로 기대하던 투자자들은 볼멘소리를 쏟아내고 있다. 자사주를 소각하면 발행주식 수가 줄면서 주식 가치가 상승하는 효과가 있어 자사주 비중이 큰 종목의 주가가 미리 올랐는데, 교환사채 발행 등에 나서면서 주가가 하락한 탓이 컸다.다만 경영권 방어 수단이 마땅치 않은 상황에서 자사주 소각 의무화로 분쟁이 빈번해질 수 있다는 우려 섞인 시각도 있다. 한 경제 단체 임원은 “포이즌필을 비롯한 경영권 방어 장치를 마련해 달라는 요구는 전혀 정책에 반영되지 않고 있다”며 “균형이 필요하다”고 말했다."
"뉴욕증시, 기술주 약세에 하락 출발","뉴욕증권거래소연합뉴스(서울=연합뉴스) 윤정원 연합인포맥스 기자 = 뉴욕증시의 3대 주가지수는 기술주가 약세를 보이며 하락 출발했다.     7일(현지시간) 오전 10시 23분 현재 뉴욕증권거래소에서 다우존스30산업평균지수는 전장보다 75.17포인트(0.16%) 내린 46,837.13을 기록했다. 스탠더드앤드푸어스(S&P) 500지수는 전장 대비 32.12포인트(0.48%) 내린 6,688.20, 나스닥 종합지수는 전장보다 211.90포인트(0.92%) 하락한 22,842.09를 가리켰다.    인공지능(AI) 관련 주식의 밸류에이션 우려가 이어지면서 기술주가 대체로 약세를 보였다.    AI 대표기업인 엔비디아 주가는 3% 넘게 밀렸다.    알파벳도 3% 가까이 하락했고 테슬라는 4% 내렸다.     AI 낙관론으로 올해 기술주 주가가 고공 행진한 가운데 업계 내에서만 돈이 돌고 도는 것은 아닌지, 현금화할 수 있는 기술인지 등의 우려가 주목받으며 관련 종목의 밸류에이션이 과하게 높은 것일 수 있다는 평가가 나오고 있다.     경기 둔화에 대한 우려도 투자심리를 위축시키는 요인 중 하나다.     이날 발표된 11월 미시간대 소비심리지수는 50.3을 기록했다. 이는 예상치 53.2를 하회한 것일 뿐 아니라 3년여만에 최저치다.    사상 최장기간 이어지는 미국 연방정부 일시적 업무정지(셧다운)로 10월 미국 비농업 고용지표가 취소된 가운데 민간에서 나온 고용지표에 따른 불안감은 이날까지 이어지고 있다.     전날 챌린저 보고서는 미국 10월 기업 감원 계획이 10월 기준 22년 새 최대치를 기록했다고 밝혔으며 시카고 연방준비은행의 10월 실업률 예측치도 4년 새 최고치를 나타냈다. 리벨리오랩스의 추정치도 10월 비농업 고용을 마이너스(-)로 집계됐다.    에코피의 캐런 조지스 펀드 매니저는 ""시장 심리는 다소 조심스러운 상황""이라면서 ""미국 고용지표와 관련해 마음을 놓을 수 있게 해주는 데이터, 셧다운 종료 가능성, 관세 뉴스 흐름 등은 시장에 다시 활력을 불어넣을 수도 있다""고 설명했다.    업종별로 살펴보면 부동산, 에너지 등은 강세를, 기술, 통신은 약세를 보였다.    글로벌 패스트푸드 체인 웬디스는 3분기 실적이 시장 예상보다 선방하면서 주가가 4% 가까이 올랐다.    음료회사 몬스터 비버리지는 견조한 3분기 실적에 힘입어 주가가 8% 넘게 올랐다. 3분기 조정 주당순이익(EPS)과 매출은 각각 56센트와 22억달러로 시장 예상치 48센트와 21억1천만달러를 모두 웃돌았다.     온라인 부동산 플랫폼 오픈도어는 분기 매출이 30% 넘게 급감하면서 주가가 6% 넘게 밀렸다.    유럽증시도 하락세를 보였다.    유로스톡스50 지수는 전장 대비 0.53% 내린 5,581.55에 거래 중이다. 독일 DAX 지수는 0.84% 내렸고 프랑스 CAC40 지수와 영국 FTSE100 지수는 각각 0.33%, 0.81% 하락했다.    국제 유가는 강세를 나타냈다.    같은 시각 근월물인 12월 인도분 서부텍사스산원유(WTI) 가격은 전장 대비 0.59% 오른 배럴당 59.78달러를 기록 중이다.    jwyoon2@yna.co.kr"
"'1兆' 넘는 프리미엄 딜…EQT, 왜 더존비즈온에 꽂혔나[주간사모펀드]","EQT, 애큐온캐피탈·저축은행 매각 진행맥쿼리PE, LG CNS 지분 7% 블록딜 매각으로 수익 '톡톡'



8일 IB 업계에 따르면 EQT파트너스는 국내 ERP 기업 더존비즈온 경영권을 1조3000억원에 사들인다. /더팩트 DB글로벌 사모펀드 EQT파트너스가 국내 ERP 1위 기업 더존비즈온을 1조원대에 인수한다. 단순한 지분 거래가 아닌 한국 IT산업의 '다음 먹거리'를 향한 EQT의 행보로 풀이된다.◆ EQT, 더존비즈온 지분 34.8% 확보 전망…28.5% 프리미엄 적용8일 투자은행(IB) 업계에 따르면 EQT는 지난 6일 더존비즈온 최대주주 김용우 회장이 보유한 지분 23.2% 전량과 신한 금융그룹 계열사들이 갖고 있던 지분 14.4%를 인수하는 주식매매계약(SPA)를 체결했다. 이번 거래가 완료되면 EQT는 더존비즈온 지분 총 37.6%(자기주식 제외 지분율)을 보유하게 된다. 자사주를 포함한 발행 주식 수 기준 지분율은 34.8%다.인수가는 주당 12만원으로, 지난 6일 종가(9만3400원) 대비 약 28.5%의 프리미엄을 적용했다. 인수 대금은 총 1조3158억원이다. EQT와 더존비즈온은 가격을 두고 이견 차이로 협상에 어려움을 겪다가 지분을 주당 12만원에 거래하기로 합의했다. 이번 인수는 공정거래위원회의 기업결합과 산업자원부의 인허가 등 관련 규제 승인을 절차를 필요로 한다. 이에 따라 거래 관련 모든 승인이 완료된 후 거래가 종결될 예정이다.EQT는 스웨덴 발렌베리 가문 계열의 유럽 최대 PEF 운용사다. EQT는 올해 6월 말 기준 사모주식과 실물자산 부문에서 총 2660억달러의 운용자산(AUM)을 보유 중이다. 지난 8월 한국에서 명함공유앱 '리멤버'를 운용하는 리멤버앤컴퍼니를 5000억원대 초반에 인수하기도 했다. SK쉴더스, KJ환경 등에도 투자했다.더존비즈온은 1991년에 설립된 국내 유일 토종 ERP 기업이다. 국내 ERP 시장에서는 독일 SAP에 이어 2위를 달리고 있다. 기업 고객에게 핵심 ERP를 비롯해 세무, 회계, 컴플라이언스, 커뮤니케이션 등 다양한 클라우드와 소프트웨어 서비스를 지원하고 있다.특히 중소·중견기업 대상 국세청 법인세 전자신고 시장에서 약 90%의 점유율을 차지하고 있다. 최근에는 AI 기반 신규 기업용 솔루션인 '옴니이솔' 등을 선보이며 디지털 전환 수요에 맞춰 공격적인 확장 행보를 보이고 있다.실적 개선세도 이어지고 있다. 지난해 연결 기준 매출 4023억원, 영업이익 881억원을 냈다. 이는 직전해 대비 13.45%, 21.69% 증가한 수준이다. 올해 상반기에는 매출 2045억원, 영업이익 468억원을 기록했다.◆ EQT 내놓은 애큐온캐피탈·저축은행, 누구 품에 안길까EQT는 애큐온캐피탈과 애큐온저축은행 매각 작업에도 돌입한 상태다. EQT는 2019년 에큐온그룹을 인수, 6년 만에 투자금 회수에 나선 셈이다. IB업계에 의하면 EQT는 애큐온캐피탈과 애큐온저축은행 매각을 위해 원매자를 물색하고 있다. 매각 대상은 애큐온캐피탈 지분 96%와 애큐온캐피탈을 통해 갖고 있는 애큐온저축은행 지분 100%다. 매각가는 1조원 안팎이 거론된다. 매각 주관사는 UBS와 씨티글로벌마켓증권이 맡았다.



IB 업계에 따르면 EQT파트너스는 애큐온캐피탈과 애큐온저축은행 매각에 나섰다. /애큐온캐피탈 홈페이지애큐온캐피탈은 국내 17위 캐피털사이며, 애큐온저축은행은 국내 5위다. 부실 금융회사가 아닌 만큼 업계에서는 올해 하반기 M&A 시장 최대어라는 평가가 나온다. 애큐온캐피탈의 전신은 KT캐피탈, 애큐온저축은행은 HK저축은행이다. 지난 2019년 영국계 PEF 운용사 베어링PEA가 두 회사를 JC플라워로부터 약 7000억원에 인수했고, 이후 2022년 EQT가 베어링PEA를 사들였다.애큐온캐피탈은 올해 상반기 별도 기준 전년 동기 대비 18.7% 증가한 누적 순이익 243억원을 냈다. 별도 총자산은 4조162억원을 기록했다. 애큐온저축은행의 총자산은 5조3698억원이며, 순이익은 98억원을 냈다.일각에서는 금융지주가 두 회사를 인수할 가능성도 거론되지만, 조 단위 자금을 들일 여력이 없다는 관측도 나오고 있다. 이에 따라 국내외 사모펀드 운용사가 주인이 될 것이라는 견해가 다수 나온다.◆ 맥쿼리PE, LG CNS 지분 7% 블록딜…4460억원 거둬국내 PEF 운용사 맥쿼리PE가 LG CNS 보유 지분 일부를 시간외대량매매(블록딜)로 매각했다. LG CNS 상장 이후 두 차례에 걸친 블록딜로 약 8000억원의 수익을 확보했다.IB 업계에 따르면 LG CNS 2대 주주인 크리스탈코리아는 수요예측을 거쳐 보유 지분 15.93% 중 약 7.0%를 지난 4일 블록딜로 매각했다. 총 매각가는 약 3억1000만달러(4460억원)이다. 주당 매각가는 거래일 종가인 주당 6만6200원에 할인율 9.0%를 적용한 주당 6만242원이다. 크리스탈코리아는 맥쿼리PE가 LG CNS 투자를 위해 설립한 특수목적법인(SPC)이다.맥쿼리PE는 2020년 4월 (주)LG로부터 약 1조19억원에 LG CNS 지분 약 35%를 사들였다. 맥쿼리PE는 LG CNS 상장 당시 968만8595주를 구주 매출해 약 6000억원을 확보한 바 있다. 또한 배당과 리파이낸싱을 통해 투자금을 추가 회수했다. 지난 8월에는 지분 5.6%를 블록딜로 매각해 3478억원을 거뒀으며, 이번 블록딜까지 합산하면 총 7938억원의 원금 이상 수익을 냈다.이번 거래는 맥쿼리PE가 매각한 지분을 해외 투자자 여러 곳이 공동으로 인수하는 '클럽딜' 방식으로 이뤄졌다. 매각 주관은 골드만삭스와 JP모건, 모건스탠리, 뱅크오브아메리카 등 4곳이 맡았다. 맥쿼리PE는 남은 지분 약 6.93%에 대해 90일간 보유 의무가 있어 추가 블록딜은 해당 기간 이후 가능할 것으로 관측된다.발로 뛰는 더팩트는 24시간 여러분의 제보를 기다립니다.▶카카오톡: '더팩트제보' 검색▶이메일: jebo@tf.co.kr▶뉴스 홈페이지: http://talk.tf.co.kr/bbs/report/write"
